Year,Format,League,Team,Opponent,Ground_Name,Ground_Country,Captain,Runs,Balls,Strike_Rate,Dismissal,Out_Status,Match_Result,Innings,Outs/NotOut,Hundreds,Double_Hundreds,Fifties,Match_Status
2007,ODI,International Cricket,India,England,Kingsmead,South Africa,No,122,183,66.67,Run Out,Out,Won,1,1,1,0,0,1
2007,ODI,International Cricket,India,Afghanistan,M. Chinnaswamy Stadium,India,No,95,125,76.0,LBW,Out,Won,1,1,0,0,1,1
2007,IPL,Indian Premier League,Deccan Chargers,Chennai Super Kings,Arun Jaitley Stadium,India,No,19,14,135.71,Bowled,Out,Won,1,1,0,0,0,1
2007,IPL,Indian Premier League,Mumbai Indians,Lucknow Super Giants,Arun Jaitley Stadium,India,No,34,27,125.93,Caught,Out,Won,1,1,0,0,0,1
2007,IPL,Indian Premier League,Deccan Chargers,Lucknow Super Giants,Arun Jaitley Stadium,India,No,57,62,91.94,Caught,Out,Won,1,1,0,0,1,1
2007,ODI,International Cricket,India,Afghanistan,Arun Jaitley Stadium,India,No,33,37,89.19,Bowled,Out,Lost,1,1,0,0,0,0
2007,Test,International Cricket,India,South Africa,Arun Jaitley Stadium,India,No,59,97,60.82,Caught,Out,Lost,1,1,0,0,1,0
2007,IPL,Indian Premier League,Mumbai Indians,Lucknow Super Giants,Wankhede Stadium,India,No,7,1,700.0,Caught,Out,Won,1,1,0,0,0,1
2007,ODI,International Cricket,India,Bangladesh,St George's Park,South Africa,No,39,59,66.1,Caught,Out,Won,1,1,0,0,0,1
2007,ODI,International Cricket,India,New Zealand,Wanderers Stadium,South Africa,No,2,9,22.22,Caught,Out,Won,1,1,0,0,0,1
2007,ODI,International Cricket,India,Sri Lanka,Rajiv Gandhi International Stadium,India,No,31,29,106.9,LBW,Out,Lost,1,1,0,0,0,0
2007,ODI,International Cricket,India,New Zealand,M. Chinnaswamy Stadium,India,No,20,27,74.07,Caught,Out,Won,1,1,0,0,0,1
2007,ODI,International Cricket,India,Bangladesh,Wankhede Stadium,India,No,31,48,64.58,Caught,Out,Won,1,1,0,0,0,1
2007,IPL,Indian Premier League,Mumbai Indians,Punjab Kings,Narendra Modi Stadium,India,No,47,40,117.5,Run Out,Out,Won,1,1,0,0,0,1
2007,Test,International Cricket,India,England,R. Premadasa Stadium,Sri Lanka,No,20,86,23.26,Caught,Out,Won,1,1,0,0,0,1
2007,ODI,International Cricket,India,Ireland,Melbourne Cricket Ground,Australia,No,79,112,70.54,Not Out,Not Out,Lost,1,1,0,0,1,0
2007,Test,International Cricket,India,Australia,MA Chidambaram Stadium,India,No,27,29,93.1,Caught,Out,Won,1,1,0,0,0,1
2007,ODI,International Cricket,India,Bangladesh,Arun Jaitley Stadium,India,No,37,54,68.52,LBW,Out,Lost,1,1,0,0,0,0
2007,IPL,Indian Premier League,Mumbai Indians,Royal Challengers Bengaluru,M. Chinnaswamy Stadium,India,No,63,51,123.53,LBW,Out,Won,1,1,0,0,1,1
2007,ODI,International Cricket,India,Nepal,Eden Gardens,India,No,57,58,98.28,Caught,Out,Won,1,1,0,0,1,1
2008,ODI,International Cricket,India,Pakistan,M. Chinnaswamy Stadium,India,No,28,37,75.68,Caught,Out,Lost,1,1,0,0,0,0
2008,ODI,International Cricket,India,New Zealand,Eden Gardens,India,No,157,223,70.4,Caught,Out,Won,1,1,1,0,0,1
2008,IPL,Indian Premier League,Mumbai Indians,Royal Challengers Bengaluru,Eden Gardens,India,No,46,48,95.83,Caught,Out,Lost,1,1,0,0,0,0
2008,ODI,International Cricket,India,Afghanistan,Old Trafford,England,No,27,38,71.05,Not Out,Not Out,Won,1,1,0,0,0,1
2008,ODI,International Cricket,India,Afghanistan,Wankhede Stadium,India,No,15,26,57.69,Bowled,Out,Lost,1,1,0,0,0,0
2008,Test,International Cricket,India,West Indies,Arun Jaitley Stadium,India,No,36,56,64.29,Stumped,Out,Won,1,1,0,0,0,1
2008,IPL,Indian Premier League,Deccan Chargers,Kolkata Knight Riders,M. Chinnaswamy Stadium,India,No,26,29,89.66,Bowled,Out,Won,1,1,0,0,0,1
2008,IPL,Indian Premier League,Mumbai Indians,Punjab Kings,M. Chinnaswamy Stadium,India,No,13,13,100.0,LBW,Out,Won,1,1,0,0,0,1
2008,ODI,International Cricket,India,Bangladesh,Arun Jaitley Stadium,India,No,14,27,51.85,Caught,Out,Won,1,1,0,0,0,1
2008,ODI,International Cricket,India,New Zealand,Kensington Oval,West Indies,No,66,64,103.12,Not Out,Not Out,Won,1,1,0,0,1,1
2008,Test,International Cricket,India,Australia,Adelaide Oval,Australia,No,66,138,47.83,Bowled,Out,Won,1,1,0,0,1,1
2008,IPL,Indian Premier League,Deccan Chargers,Kolkata Knight Riders,M. Chinnaswamy Stadium,India,No,58,40,145.0,Bowled,Out,Won,1,1,0,0,1,1
2008,IPL,Indian Premier League,Deccan Chargers,Chennai Super Kings,Narendra Modi Stadium,India,No,16,12,133.33,Not Out,Not Out,Lost,1,1,0,0,0,0
2008,Test,International Cricket,India,Ireland,Eden Gardens,India,No,5,6,83.33,Caught,Out,Won,1,1,0,0,0,1
2008,IPL,Indian Premier League,Mumbai Indians,Punjab Kings,Wankhede Stadium,India,No,55,46,119.57,LBW,Out,Lost,1,1,0,0,1,0
2008,IPL,Indian Premier League,Mumbai Indians,Royal Challengers Bengaluru,MA Chidambaram Stadium,India,No,8,11,72.73,Run Out,Out,Won,1,1,0,0,0,1
2008,T20I,International Cricket,India,Pakistan,Narendra Modi Stadium,India,No,43,29,148.28,LBW,Out,Won,1,1,0,0,0,1
2008,ODI,International Cricket,India,Australia,M. Chinnaswamy Stadium,India,No,42,61,68.85,Caught,Out,Lost,1,1,0,0,0,0
2008,IPL,Indian Premier League,Deccan Chargers,Delhi Capitals,Wankhede Stadium,India,No,22,16,137.5,Bowled,Out,Won,1,1,0,0,0,1
2008,IPL,Indian Premier League,Mumbai Indians,Lucknow Super Giants,Eden Gardens,India,No,48,30,160.0,Bowled,Out,Won,1,1,0,0,0,1
2008,IPL,Indian Premier League,Deccan Chargers,Kolkata Knight Riders,Eden Gardens,India,No,8,13,61.54,Not Out,Not Out,Won,1,1,0,0,0,1
2008,ODI,International Cricket,India,Nepal,Arun Jaitley Stadium,India,No,64,88,72.73,Bowled,Out,Lost,1,1,0,0,1,0
2008,ODI,International Cricket,India,Afghanistan,M. Chinnaswamy Stadium,India,No,41,42,97.62,Caught,Out,Lost,1,1,0,0,0,0
2008,ODI,International Cricket,India,Bangladesh,Arun Jaitley Stadium,India,No,24,35,68.57,Caught,Out,Won,1,1,0,0,0,1
2008,T20I,International Cricket,India,Afghanistan,Zahur Ahmed Chowdhury Stadium,Bangladesh,No,4,3,133.33,Not Out,Not Out,Won,1,1,0,0,0,1
2008,IPL,Indian Premier League,Deccan Chargers,Kolkata Knight Riders,M. Chinnaswamy Stadium,India,No,4,1,400.0,Caught,Out,Won,1,1,0,0,0,1
2008,IPL,Indian Premier League,Mumbai Indians,Punjab Kings,Wankhede Stadium,India,No,23,25,92.0,Run Out,Out,Won,1,1,0,0,0,1
2008,T20I,International Cricket,India,Afghanistan,Rajiv Gandhi International Stadium,India,No,33,32,103.12,Not Out,Not Out,Won,1,1,0,0,0,1
2008,IPL,Indian Premier League,Deccan Chargers,Royal Challengers Bengaluru,M. Chinnaswamy Stadium,India,No,31,39,79.49,Not Out,Not Out,Won,1,1,0,0,0,1
2008,IPL,Indian Premier League,Deccan Chargers,Chennai Super Kings,M. Chinnaswamy Stadium,India,No,13,13,100.0,Stumped,Out,Won,1,1,0,0,0,1
2008,IPL,Indian Premier League,Deccan Chargers,Delhi Capitals,Arun Jaitley Stadium,India,No,19,23,82.61,LBW,Out,Lost,1,1,0,0,0,0
2008,ODI,International Cricket,India,Ireland,M. Chinnaswamy Stadium,India,No,0,3,0.0,Caught,Out,Lost,1,1,0,0,0,0
2008,IPL,Indian Premier League,Mumbai Indians,Sunrisers Hyderabad,M. Chinnaswamy Stadium,India,No,7,12,58.33,Caught,Out,Won,1,1,0,0,0,1
2008,IPL,Indian Premier League,Mumbai Indians,Royal Challengers Bengaluru,Eden Gardens,India,No,7,7,100.0,Caught,Out,Lost,1,1,0,0,0,0
2008,IPL,Indian Premier League,Deccan Chargers,Lucknow Super Giants,Narendra Modi Stadium,India,No,21,19,110.53,Bowled,Out,Lost,1,1,0,0,0,0
2008,ODI,International Cricket,India,Bangladesh,Queen's Park Oval,West Indies,No,20,25,80.0,Not Out,Not Out,Won,1,1,0,0,0,1
2008,ODI,International Cricket,India,Sri Lanka,Adelaide Oval,Australia,No,29,26,111.54,Not Out,Not Out,Won,1,1,0,0,0,1
2008,IPL,Indian Premier League,Mumbai Indians,Chennai Super Kings,Arun Jaitley Stadium,India,No,54,64,84.38,Caught,Out,Won,1,1,0,0,1,1
2008,ODI,International Cricket,India,Bangladesh,M. Chinnaswamy Stadium,India,No,46,54,85.19,LBW,Out,Won,1,1,0,0,0,1
2008,IPL,Indian Premier League,Mumbai Indians,Lucknow Super Giants,Arun Jaitley Stadium,India,No,24,29,82.76,Not Out,Not Out,Won,1,1,0,0,0,1
2008,IPL,Indian Premier League,Deccan Chargers,Lucknow Super Giants,Arun Jaitley Stadium,India,No,17,16,106.25,Stumped,Out,Won,1,1,0,0,0,1
2008,IPL,Indian Premier League,Mumbai Indians,Punjab Kings,MA Chidambaram Stadium,India,No,34,39,87.18,Run Out,Out,Won,1,1,0,0,0,1
2008,Test,International Cricket,India,West Indies,Lord's,England,No,18,87,20.69,Caught,Out,Won,1,1,0,0,0,1
2008,IPL,Indian Premier League,Mumbai Indians,Chennai Super Kings,Rajiv Gandhi International Stadium,India,No,26,20,130.0,Run Out,Out,Won,1,1,0,0,0,1
2009,ODI,International Cricket,India,Afghanistan,Dubai International Cricket Stadium,UAE,No,27,44,61.36,Caught,Out,Won,1,1,0,0,0,1
2009,ODI,International Cricket,India,South Africa,M. Chinnaswamy Stadium,India,No,54,60,90.0,Caught,Out,Lost,1,1,0,0,1,0
2009,IPL,Indian Premier League,Mumbai Indians,Gujarat Titans,Narendra Modi Stadium,India,No,37,40,92.5,Bowled,Out,Won,1,1,0,0,0,1
2009,ODI,International Cricket,India,Afghanistan,Kingsmead,South Africa,No,33,34,97.06,Bowled,Out,Lost,1,1,0,0,0,0
2009,IPL,Indian Premier League,Mumbai Indians,Chennai Super Kings,M. Chinnaswamy Stadium,India,No,22,23,95.65,Run Out,Out,Lost,1,1,0,0,0,0
2009,ODI,International Cricket,India,Pakistan,Wankhede Stadium,India,No,86,81,106.17,Caught,Out,Won,1,1,0,0,1,1
2009,ODI,International Cricket,India,Nepal,Trent Bridge,England,No,25,29,86.21,Caught,Out,Won,1,1,0,0,0,1
2009,IPL,Indian Premier League,Deccan Chargers,Punjab Kings,Narendra Modi Stadium,India,No,8,11,72.73,Bowled,Out,Lost,1,1,0,0,0,0
2009,ODI,International Cricket,India,Bangladesh,Edgbaston,England,No,11,14,78.57,Bowled,Out,Won,1,1,0,0,0,1
2009,ODI,International Cricket,India,Pakistan,Wankhede Stadium,India,No,2,6,33.33,Bowled,Out,Lost,1,1,0,0,0,0
2009,Test,International Cricket,India,South Africa,Wankhede Stadium,India,No,15,63,23.81,Caught,Out,Won,1,1,0,0,0,1
2009,IPL,Indian Premier League,Deccan Chargers,Lucknow Super Giants,Rajiv Gandhi International Stadium,India,No,25,25,100.0,Bowled,Out,Won,1,1,0,0,0,1
2009,Test,International Cricket,India,Sri Lanka,Eden Gardens,India,No,25,50,50.0,LBW,Out,Won,1,1,0,0,0,1
2009,IPL,Indian Premier League,Mumbai Indians,Chennai Super Kings,Eden Gardens,India,No,29,34,85.29,Caught,Out,Won,1,1,0,0,0,1
2009,ODI,International Cricket,India,England,Sydney Cricket Ground,Australia,No,36,46,78.26,Not Out,Not Out,Won,1,1,0,0,0,1
2009,IPL,Indian Premier League,Deccan Chargers,Punjab Kings,Arun Jaitley Stadium,India,No,46,38,121.05,Caught,Out,Won,1,1,0,0,0,1
2009,IPL,Indian Premier League,Deccan Chargers,Gujarat Titans,M. Chinnaswamy Stadium,India,No,11,14,78.57,Caught,Out,Won,1,1,0,0,0,1
2009,ODI,International Cricket,India,South Africa,Wanderers Stadium,South Africa,No,50,67,74.63,Caught,Out,Lost,1,1,0,0,1,0
2009,Test,International Cricket,India,Nepal,Queen's Park Oval,West Indies,No,15,73,20.55,Caught,Out,Won,1,1,0,0,0,1
2009,IPL,Indian Premier League,Mumbai Indians,Sunrisers Hyderabad,Narendra Modi Stadium,India,No,19,14,135.71,Run Out,Out,Lost,1,1,0,0,0,0
2009,ODI,International Cricket,India,Ireland,Galle International Stadium,Sri Lanka,No,34,28,121.43,Bowled,Out,Lost,1,1,0,0,0,0
2009,ODI,International Cricket,India,Nepal,Old Trafford,England,No,39,36,108.33,Caught,Out,Won,1,1,0,0,0,1
2009,IPL,Indian Premier League,Mumbai Indians,Royal Challengers Bengaluru,Narendra Modi Stadium,India,No,32,41,78.05,Caught,Out,Won,1,1,0,0,0,1
2009,ODI,International Cricket,India,Nepal,Eden Gardens,India,No,85,107,79.44,Not Out,Not Out,Won,1,1,0,0,1,1
2009,T20I,International Cricket,India,Zimbabwe,St George's Park,South Africa,No,10,9,111.11,Caught,Out,Won,1,1,0,0,0,1
2009,ODI,International Cricket,India,West Indies,Rajiv Gandhi International Stadium,India,No,22,22,100.0,Bowled,Out,Lost,1,1,0,0,0,0
2009,ODI,International Cricket,India,New Zealand,Arun Jaitley Stadium,India,No,56,47,119.15,Not Out,Not Out,Lost,1,1,0,0,1,0
2009,ODI,International Cricket,India,Zimbabwe,Zahur Ahmed Chowdhury Stadium,Bangladesh,No,57,77,74.03,Bowled,Out,Won,1,1,0,0,1,1
2009,ODI,International Cricket,India,South Africa,Melbourne Cricket Ground,Australia,No,123,196,62.76,Caught,Out,Won,1,1,1,0,0,1
2009,ODI,International Cricket,India,Pakistan,Edgbaston,England,No,28,30,93.33,Bowled,Out,Won,1,1,0,0,0,1
2009,T20I,International Cricket,India,South Africa,MA Chidambaram Stadium,India,No,13,16,81.25,LBW,Out,Won,1,1,0,0,0,1
2009,IPL,Indian Premier League,Deccan Chargers,Lucknow Super Giants,MA Chidambaram Stadium,India,No,53,52,101.92,Caught,Out,Lost,1,1,0,0,1,0
2009,ODI,International Cricket,India,South Africa,Kensington Oval,West Indies,No,7,9,77.78,Caught,Out,Won,1,1,0,0,0,1
2009,IPL,Indian Premier League,Mumbai Indians,Royal Challengers Bengaluru,Rajiv Gandhi International Stadium,India,No,2,2,100.0,Bowled,Out,Lost,1,1,0,0,0,0
2009,ODI,International Cricket,India,England,The Oval,England,No,12,14,85.71,Not Out,Not Out,Lost,1,1,0,0,0,0
2009,T20I,International Cricket,India,Afghanistan,Adelaide Oval,Australia,No,31,23,134.78,Caught,Out,Lost,1,1,0,0,0,0
2009,ODI,International Cricket,India,West Indies,MA Chidambaram Stadium,India,No,38,59,64.41,Caught,Out,Won,1,1,0,0,0,1
2009,IPL,Indian Premier League,Mumbai Indians,Chennai Super Kings,Wankhede Stadium,India,No,4,14,28.57,LBW,Out,Won,1,1,0,0,0,1
2009,ODI,International Cricket,India,West Indies,Sheikh Zayed Stadium,UAE,No,60,62,96.77,Caught,Out,Lost,1,1,0,0,1,0
2009,IPL,Indian Premier League,Deccan Chargers,Chennai Super Kings,Rajiv Gandhi International Stadium,India,No,40,42,95.24,Caught,Out,Won,1,1,0,0,0,1
2009,ODI,International Cricket,India,Bangladesh,Eden Park,New Zealand,No,25,22,113.64,Caught,Out,Won,1,1,0,0,0,1
2009,ODI,International Cricket,India,New Zealand,Queen's Park Oval,West Indies,No,87,123,70.73,Caught,Out,Won,1,1,0,0,1,1
2009,ODI,International Cricket,India,Ireland,Trent Bridge,England,No,8,19,42.11,Bowled,Out,Won,1,1,0,0,0,1
2009,IPL,Indian Premier League,Mumbai Indians,Delhi Capitals,Rajiv Gandhi International Stadium,India,No,34,30,113.33,Not Out,Not Out,Lost,1,1,0,0,0,0
2009,ODI,International Cricket,India,Australia,MA Chidambaram Stadium,India,No,5,12,41.67,Not Out,Not Out,Won,1,1,0,0,0,1
2010,IPL,Indian Premier League,Deccan Chargers,Chennai Super Kings,Wankhede Stadium,India,No,21,26,80.77,Caught,Out,Lost,1,1,0,0,0,0
2010,IPL,Indian Premier League,Mumbai Indians,Sunrisers Hyderabad,Arun Jaitley Stadium,India,No,33,39,84.62,Caught,Out,Won,1,1,0,0,0,1
2010,ODI,International Cricket,India,Ireland,Dubai International Cricket Stadium,UAE,No,1,11,9.09,Caught,Out,Won,1,1,0,0,0,1
2010,IPL,Indian Premier League,Deccan Chargers,Delhi Capitals,Eden Gardens,India,No,1,6,16.67,Bowled,Out,Won,1,1,0,0,0,1
2010,ODI,International Cricket,India,England,Sydney Cricket Ground,Australia,No,13,18,72.22,Bowled,Out,Won,1,1,0,0,0,1
2010,IPL,Indian Premier League,Deccan Chargers,Delhi Capitals,M. Chinnaswamy Stadium,India,No,3,12,25.0,Caught,Out,Won,1,1,0,0,0,1
2010,IPL,Indian Premier League,Mumbai Indians,Chennai Super Kings,Arun Jaitley Stadium,India,No,32,30,106.67,Caught,Out,Lost,1,1,0,0,0,0
2010,IPL,Indian Premier League,Deccan Chargers,Kolkata Knight Riders,M. Chinnaswamy Stadium,India,No,42,48,87.5,Caught,Out,Lost,1,1,0,0,0,0
2010,IPL,Indian Premier League,Mumbai Indians,Delhi Capitals,Wankhede Stadium,India,No,38,25,152.0,Caught,Out,Won,1,1,0,0,0,1
2010,ODI,International Cricket,India,England,Edgbaston,England,No,26,28,92.86,Caught,Out,Won,1,1,0,0,0,1
2010,ODI,International Cricket,India,New Zealand,Sher-e-Bangla National Cricket Stadium,Bangladesh,No,79,114,69.3,Caught,Out,Won,1,1,0,0,1,1
2010,ODI,International Cricket,India,Ireland,Eden Gardens,India,No,16,20,80.0,Caught,Out,Won,1,1,0,0,0,1
2010,T20I,International Cricket,India,Sri Lanka,Narendra Modi Stadium,India,No,7,7,100.0,Not Out,Not Out,Won,1,1,0,0,0,1
2010,ODI,International Cricket,India,New Zealand,Sharjah Cricket Stadium,UAE,No,11,11,100.0,Stumped,Out,Lost,1,1,0,0,0,0
2010,T20I,International Cricket,India,West Indies,Eden Park,New Zealand,No,49,44,111.36,Bowled,Out,Won,1,1,0,0,0,1
2010,IPL,Indian Premier League,Mumbai Indians,Kolkata Knight Riders,Narendra Modi Stadium,India,No,55,45,122.22,Not Out,Not Out,Won,1,1,0,0,1,1
2010,ODI,International Cricket,India,Pakistan,The Gabba,Australia,No,85,80,106.25,Caught,Out,Won,1,1,0,0,1,1
2010,ODI,International Cricket,India,Sri Lanka,Wankhede Stadium,India,No,38,61,62.3,Caught,Out,Won,1,1,0,0,0,1
2010,ODI,International Cricket,India,Afghanistan,Galle International Stadium,Sri Lanka,No,57,75,76.0,Bowled,Out,Won,1,1,0,0,1,1
2010,Test,International Cricket,India,Zimbabwe,Narendra Modi Stadium,India,No,131,195,67.18,Run Out,Out,Won,1,1,1,0,0,1
2010,IPL,Indian Premier League,Mumbai Indians,Delhi Capitals,Arun Jaitley Stadium,India,No,7,6,116.67,Bowled,Out,Won,1,1,0,0,0,1
2010,T20I,International Cricket,India,Afghanistan,Sabina Park,West Indies,No,2,5,40.0,Caught,Out,Lost,1,1,0,0,0,0
2010,ODI,International Cricket,India,Pakistan,Wanderers Stadium,South Africa,No,2,2,100.0,Bowled,Out,Won,1,1,0,0,0,1
2010,IPL,Indian Premier League,Mumbai Indians,Lucknow Super Giants,MA Chidambaram Stadium,India,No,15,17,88.24,Bowled,Out,Won,1,1,0,0,0,1
2010,Test,International Cricket,India,Ireland,Sher-e-Bangla National Cricket Stadium,Bangladesh,No,3,14,21.43,Run Out,Out,Won,1,1,0,0,0,1
2010,ODI,International Cricket,India,England,Wankhede Stadium,India,No,22,23,95.65,Stumped,Out,Won,1,1,0,0,0,1
2010,IPL,Indian Premier League,Deccan Chargers,Delhi Capitals,Eden Gardens,India,No,42,33,127.27,Run Out,Out,Lost,1,1,0,0,0,0
2010,T20I,International Cricket,India,West Indies,Basin Reserve,New Zealand,No,14,10,140.0,Caught,Out,Lost,1,1,0,0,0,0
2010,ODI,International Cricket,India,Ireland,Seddon Park,New Zealand,No,26,35,74.29,Caught,Out,Won,1,1,0,0,0,1
2010,ODI,International Cricket,India,Pakistan,Sabina Park,West Indies,No,57,81,70.37,Caught,Out,Lost,1,1,0,0,1,0
2010,ODI,International Cricket,India,Sri Lanka,Narendra Modi Stadium,India,No,76,83,91.57,LBW,Out,Won,1,1,0,0,1,1
2010,IPL,Indian Premier League,Deccan Chargers,Gujarat Titans,Narendra Modi Stadium,India,No,9,11,81.82,Caught,Out,Lost,1,1,0,0,0,0
2010,ODI,International Cricket,India,England,Basin Reserve,New Zealand,No,106,157,67.52,Bowled,Out,Won,1,1,1,0,0,1
2010,ODI,International Cricket,India,West Indies,Wankhede Stadium,India,No,5,7,71.43,Caught,Out,Lost,1,1,0,0,0,0
2010,IPL,Indian Premier League,Mumbai Indians,Sunrisers Hyderabad,MA Chidambaram Stadium,India,No,9,9,100.0,Caught,Out,Won,1,1,0,0,0,1
2010,IPL,Indian Premier League,Deccan Chargers,Royal Challengers Bengaluru,Arun Jaitley Stadium,India,No,14,13,107.69,LBW,Out,Won,1,1,0,0,0,1
2010,Test,International Cricket,India,Bangladesh,Zahur Ahmed Chowdhury Stadium,Bangladesh,No,50,61,81.97,Bowled,Out,Won,1,1,0,0,1,1
2010,IPL,Indian Premier League,Mumbai Indians,Lucknow Super Giants,Narendra Modi Stadium,India,No,9,6,150.0,Stumped,Out,Won,1,1,0,0,0,1
2010,ODI,International Cricket,India,England,Newlands,South Africa,No,30,33,90.91,Stumped,Out,Lost,1,1,0,0,0,0
2010,IPL,Indian Premier League,Mumbai Indians,Chennai Super Kings,Rajiv Gandhi International Stadium,India,No,102,75,136.0,LBW,Out,Won,1,1,1,0,0,1
2010,IPL,Indian Premier League,Deccan Chargers,Rajasthan Royals,Wankhede Stadium,India,No,2,14,14.29,Caught,Out,Lost,1,1,0,0,0,0
2010,IPL,Indian Premier League,Deccan Chargers,Punjab Kings,Rajiv Gandhi International Stadium,India,No,5,4,125.0,Caught,Out,Won,1,1,0,0,0,1
2010,IPL,Indian Premier League,Deccan Chargers,Chennai Super Kings,Wankhede Stadium,India,No,6,8,75.0,Not Out,Not Out,Lost,1,1,0,0,0,0
2010,ODI,International Cricket,India,South Africa,Zahur Ahmed Chowdhury Stadium,Bangladesh,No,29,29,100.0,Bowled,Out,Lost,1,1,0,0,0,0
2010,ODI,International Cricket,India,Nepal,Wanderers Stadium,South Africa,No,9,9,100.0,Caught,Out,Won,1,1,0,0,0,1
2010,ODI,International Cricket,India,Zimbabwe,Zahur Ahmed Chowdhury Stadium,Bangladesh,No,21,26,80.77,Not Out,Not Out,Won,1,1,0,0,0,1
2011,IPL,Indian Premier League,Mumbai Indians,Royal Challengers Bengaluru,Eden Gardens,India,No,33,24,137.5,Bowled,Out,Won,1,1,0,0,0,1
2011,ODI,International Cricket,India,West Indies,Dubai International Cricket Stadium,UAE,No,12,17,70.59,Bowled,Out,Lost,1,1,0,0,0,0
2011,IPL,Indian Premier League,Deccan Chargers,Sunrisers Hyderabad,Wankhede Stadium,India,No,28,28,100.0,Not Out,Not Out,Won,1,1,0,0,0,1
2011,IPL,Indian Premier League,Deccan Chargers,Sunrisers Hyderabad,Rajiv Gandhi International Stadium,India,No,7,7,100.0,LBW,Out,Lost,1,1,0,0,0,0
2011,IPL,Indian Premier League,Deccan Chargers,Gujarat Titans,Rajiv Gandhi International Stadium,India,No,37,39,94.87,Caught,Out,Won,1,1,0,0,0,1
2011,Test,International Cricket,India,New Zealand,Melbourne Cricket Ground,Australia,No,23,38,60.53,Caught,Out,Won,1,1,0,0,0,1
2011,T20I,International Cricket,India,Ireland,Eden Park,New Zealand,No,5,10,50.0,Not Out,Not Out,Lost,1,1,0,0,0,0
2011,IPL,Indian Premier League,Deccan Chargers,Gujarat Titans,Arun Jaitley Stadium,India,No,43,31,138.71,Caught,Out,Won,1,1,0,0,0,1
2011,ODI,International Cricket,India,Sri Lanka,Eden Gardens,India,No,7,5,140.0,Caught,Out,Won,1,1,0,0,0,1
2011,ODI,International Cricket,India,Nepal,Kingsmead,South Africa,No,10,14,71.43,Caught,Out,Lost,1,1,0,0,0,0
2011,Test,International Cricket,India,Ireland,Kensington Oval,West Indies,No,9,15,60.0,Stumped,Out,Won,1,1,0,0,0,1
2011,IPL,Indian Premier League,Mumbai Indians,Sunrisers Hyderabad,Wankhede Stadium,India,No,32,24,133.33,Caught,Out,Lost,1,1,0,0,0,0
2011,IPL,Indian Premier League,Deccan Chargers,Kolkata Knight Riders,Wankhede Stadium,India,No,30,31,96.77,Not Out,Not Out,Won,1,1,0,0,0,1
2011,IPL,Indian Premier League,Deccan Chargers,Royal Challengers Bengaluru,M. Chinnaswamy Stadium,India,No,17,11,154.55,LBW,Out,Lost,1,1,0,0,0,0
2011,Test,International Cricket,India,New Zealand,Narendra Modi Stadium,India,No,13,65,20.0,Bowled,Out,Won,1,1,0,0,0,1
2011,ODI,International Cricket,India,Ireland,M. Chinnaswamy Stadium,India,No,9,14,64.29,Run Out,Out,Won,1,1,0,0,0,1
2011,ODI,International Cricket,India,South Africa,M. Chinnaswamy Stadium,India,No,28,41,68.29,Bowled,Out,Lost,1,1,0,0,0,0
2011,ODI,International Cricket,India,Nepal,Pallekele International Stadium,Sri Lanka,No,7,10,70.0,Bowled,Out,Won,1,1,0,0,0,1
2011,ODI,International Cricket,India,Sri Lanka,Sharjah Cricket Stadium,UAE,No,69,87,79.31,Caught,Out,Lost,1,1,0,0,1,0
2011,ODI,International Cricket,India,England,Old Trafford,England,No,1,5,20.0,Caught,Out,Won,1,1,0,0,0,1
2011,ODI,International Cricket,India,Afghanistan,Basin Reserve,New Zealand,No,3,3,100.0,Not Out,Not Out,Lost,1,1,0,0,0,0
2011,IPL,Indian Premier League,Deccan Chargers,Gujarat Titans,Wankhede Stadium,India,No,40,27,148.15,Caught,Out,Won,1,1,0,0,0,1
2011,IPL,Indian Premier League,Mumbai Indians,Punjab Kings,Wankhede Stadium,India,No,13,14,92.86,LBW,Out,Won,1,1,0,0,0,1
2011,IPL,Indian Premier League,Mumbai Indians,Lucknow Super Giants,Eden Gardens,India,No,20,14,142.86,Bowled,Out,Won,1,1,0,0,0,1
2011,IPL,Indian Premier League,Mumbai Indians,Chennai Super Kings,Eden Gardens,India,No,14,16,87.5,Caught,Out,Lost,1,1,0,0,0,0
2011,IPL,Indian Premier League,Deccan Chargers,Gujarat Titans,M. Chinnaswamy Stadium,India,No,103,104,99.04,Not Out,Not Out,Won,1,1,1,0,0,1
2011,IPL,Indian Premier League,Deccan Chargers,Kolkata Knight Riders,Rajiv Gandhi International Stadium,India,No,1,9,11.11,Caught,Out,Won,1,1,0,0,0,1
2011,IPL,Indian Premier League,Mumbai Indians,Royal Challengers Bengaluru,Rajiv Gandhi International Stadium,India,No,31,36,86.11,Caught,Out,Won,1,1,0,0,0,1
2011,Test,International Cricket,India,South Africa,Basin Reserve,New Zealand,No,31,79,39.24,Bowled,Out,Won,1,1,0,0,0,1
2011,ODI,International Cricket,India,Australia,Old Trafford,England,No,4,13,30.77,LBW,Out,Won,1,1,0,0,0,1
2011,IPL,Indian Premier League,Mumbai Indians,Rajasthan Royals,Wankhede Stadium,India,No,36,29,124.14,Not Out,Not Out,Won,1,1,0,0,0,1
2011,IPL,Indian Premier League,Deccan Chargers,Royal Challengers Bengaluru,Arun Jaitley Stadium,India,No,33,26,126.92,Not Out,Not Out,Won,1,1,0,0,0,1
2011,IPL,Indian Premier League,Mumbai Indians,Sunrisers Hyderabad,Wankhede Stadium,India,No,11,12,91.67,Caught,Out,Lost,1,1,0,0,0,0
2011,Test,International Cricket,India,Nepal,Narendra Modi Stadium,India,No,59,69,85.51,Caught,Out,Lost,1,1,0,0,1,0
2012,ODI,International Cricket,India,South Africa,St George's Park,South Africa,No,7,9,77.78,Caught,Out,Lost,1,1,0,0,0,0
2012,ODI,International Cricket,India,Pakistan,Arun Jaitley Stadium,India,No,2,7,28.57,Caught,Out,Won,1,1,0,0,0,1
2012,IPL,Indian Premier League,Deccan Chargers,Royal Challengers Bengaluru,Rajiv Gandhi International Stadium,India,No,5,3,166.67,Caught,Out,Won,1,1,0,0,0,1
2012,ODI,International Cricket,India,Australia,St George's Park,South Africa,No,48,62,77.42,Caught,Out,Won,1,1,0,0,0,1
2012,IPL,Indian Premier League,Deccan Chargers,Gujarat Titans,Rajiv Gandhi International Stadium,India,No,38,35,108.57,Caught,Out,Won,1,1,0,0,0,1
2012,IPL,Indian Premier League,Mumbai Indians,Chennai Super Kings,Wankhede Stadium,India,No,9,9,100.0,Bowled,Out,Won,1,1,0,0,0,1
2012,ODI,International Cricket,India,Sri Lanka,Kensington Oval,West Indies,No,4,4,100.0,Caught,Out,Won,1,1,0,0,0,1
2012,IPL,Indian Premier League,Mumbai Indians,Rajasthan Royals,Wankhede Stadium,India,No,23,25,92.0,Not Out,Not Out,Won,1,1,0,0,0,1
2012,T20I,International Cricket,India,Nepal,Arun Jaitley Stadium,India,No,22,22,100.0,Stumped,Out,Won,1,1,0,0,0,1
2012,ODI,International Cricket,India,Pakistan,Kensington Oval,West Indies,No,24,35,68.57,Not Out,Not Out,Lost,1,1,0,0,0,0
2012,IPL,Indian Premier League,Mumbai Indians,Rajasthan Royals,MA Chidambaram Stadium,India,No,0,8,0.0,Caught,Out,Lost,1,1,0,0,0,0
2012,ODI,International Cricket,India,Ireland,Zahur Ahmed Chowdhury Stadium,Bangladesh,No,113,114,99.12,Bowled,Out,Won,1,1,1,0,0,1
2012,ODI,International Cricket,India,Pakistan,Melbourne Cricket Ground,Australia,No,41,62,66.13,Not Out,Not Out,Won,1,1,0,0,0,1
2012,ODI,International Cricket,India,England,Kensington Oval,West Indies,No,110,154,71.43,Caught,Out,Lost,1,1,1,0,0,0
2012,IPL,Indian Premier League,Deccan Chargers,Kolkata Knight Riders,Narendra Modi Stadium,India,No,5,2,250.0,Not Out,Not Out,Lost,1,1,0,0,0,0
2012,IPL,Indian Premier League,Mumbai Indians,Kolkata Knight Riders,Eden Gardens,India,No,18,24,75.0,Caught,Out,Lost,1,1,0,0,0,0
2012,IPL,Indian Premier League,Mumbai Indians,Punjab Kings,Eden Gardens,India,No,30,23,130.43,Caught,Out,Lost,1,1,0,0,0,0
2012,Test,International Cricket,India,Zimbabwe,Wanderers Stadium,South Africa,No,38,60,63.33,Caught,Out,Won,1,1,0,0,0,1
2012,IPL,Indian Premier League,Deccan Chargers,Royal Challengers Bengaluru,M. Chinnaswamy Stadium,India,No,4,5,80.0,LBW,Out,Won,1,1,0,0,0,1
2012,ODI,International Cricket,India,Zimbabwe,Narendra Modi Stadium,India,No,95,145,65.52,LBW,Out,Won,1,1,0,0,1,1
2012,ODI,International Cricket,India,West Indies,Wankhede Stadium,India,No,70,105,66.67,LBW,Out,Won,1,1,0,0,1,1
2012,IPL,Indian Premier League,Mumbai Indians,Royal Challengers Bengaluru,Narendra Modi Stadium,India,No,24,31,77.42,Not Out,Not Out,Lost,1,1,0,0,0,0
2012,ODI,International Cricket,India,Afghanistan,Wankhede Stadium,India,No,19,22,86.36,Caught,Out,Lost,1,1,0,0,0,0
2012,IPL,Indian Premier League,Deccan Chargers,Gujarat Titans,Rajiv Gandhi International Stadium,India,No,2,7,28.57,Not Out,Not Out,Lost,1,1,0,0,0,0
2012,IPL,Indian Premier League,Mumbai Indians,Kolkata Knight Riders,M. Chinnaswamy Stadium,India,No,16,15,106.67,Not Out,Not Out,Won,1,1,0,0,0,1
2012,IPL,Indian Premier League,Mumbai Indians,Lucknow Super Giants,MA Chidambaram Stadium,India,No,20,15,133.33,Caught,Out,Won,1,1,0,0,0,1
2012,IPL,Indian Premier League,Deccan Chargers,Rajasthan Royals,Arun Jaitley Stadium,India,No,4,8,50.0,Caught,Out,Lost,1,1,0,0,0,0
2012,ODI,International Cricket,India,Sri Lanka,Narendra Modi Stadium,India,No,39,37,105.41,Stumped,Out,Lost,1,1,0,0,0,0
2012,T20I,International Cricket,India,England,M. Chinnaswamy Stadium,India,No,5,2,250.0,Caught,Out,Won,1,1,0,0,0,1
2012,IPL,Indian Premier League,Mumbai Indians,Sunrisers Hyderabad,Wankhede Stadium,India,No,38,44,86.36,Caught,Out,Won,1,1,0,0,0,1
2012,IPL,Indian Premier League,Mumbai Indians,Kolkata Knight Riders,M. Chinnaswamy Stadium,India,No,32,38,84.21,Caught,Out,Won,1,1,0,0,0,1
2012,IPL,Indian Premier League,Deccan Chargers,Gujarat Titans,Narendra Modi Stadium,India,No,29,21,138.1,LBW,Out,Won,1,1,0,0,0,1
2012,ODI,International Cricket,India,Afghanistan,Sharjah Cricket Stadium,UAE,No,30,49,61.22,Caught,Out,Lost,1,1,0,0,0,0
2012,IPL,Indian Premier League,Mumbai Indians,Punjab Kings,MA Chidambaram Stadium,India,No,44,39,112.82,Bowled,Out,Won,1,1,0,0,0,1
2012,ODI,International Cricket,India,Nepal,Lord's,England,No,42,65,64.62,Bowled,Out,Won,1,1,0,0,0,1
2012,ODI,International Cricket,India,Ireland,Arun Jaitley Stadium,India,No,7,11,63.64,Not Out,Not Out,Lost,1,1,0,0,0,0
2012,Test,International Cricket,India,Afghanistan,Eden Park,New Zealand,No,7,8,87.5,Not Out,Not Out,Lost,1,1,0,0,0,0
2012,Test,International Cricket,India,Australia,Eden Gardens,India,No,18,32,56.25,Run Out,Out,Lost,1,1,0,0,0,0
2012,ODI,International Cricket,India,Nepal,Arun Jaitley Stadium,India,No,54,56,96.43,Caught,Out,Won,1,1,0,0,1,1
2012,IPL,Indian Premier League,Deccan Chargers,Lucknow Super Giants,Arun Jaitley Stadium,India,No,22,25,88.0,Caught,Out,Lost,1,1,0,0,0,0
2012,ODI,International Cricket,India,Bangladesh,Kingsmead,South Africa,No,3,13,23.08,LBW,Out,Won,1,1,0,0,0,1
2012,T20I,International Cricket,India,England,Lord's,England,No,22,15,146.67,Not Out,Not Out,Won,1,1,0,0,0,1
2012,ODI,International Cricket,India,New Zealand,Arun Jaitley Stadium,India,No,16,25,64.0,Caught,Out,Won,1,1,0,0,0,1
2012,ODI,International Cricket,India,Nepal,Sydney Cricket Ground,Australia,No,0,3,0.0,Caught,Out,Lost,1,1,0,0,0,0
2012,ODI,International Cricket,India,West Indies,Zahur Ahmed Chowdhury Stadium,Bangladesh,No,49,62,79.03,LBW,Out,Won,1,1,0,0,0,1
2012,ODI,International Cricket,India,New Zealand,Seddon Park,New Zealand,No,40,68,58.82,LBW,Out,Won,1,1,0,0,0,1
2012,Test,International Cricket,India,Sri Lanka,M. Chinnaswamy Stadium,India,No,67,92,72.83,Caught,Out,Lost,1,1,0,0,1,0
2012,ODI,International Cricket,India,New Zealand,MA Chidambaram Stadium,India,No,54,51,105.88,Run Out,Out,Won,1,1,0,0,1,1
2012,T20I,International Cricket,India,South Africa,M. Chinnaswamy Stadium,India,No,11,16,68.75,Caught,Out,Won,1,1,0,0,0,1
2012,T20I,International Cricket,India,Sri Lanka,Sabina Park,West Indies,No,23,15,153.33,Not Out,Not Out,Lost,1,1,0,0,0,0
2012,ODI,International Cricket,India,New Zealand,Narendra Modi Stadium,India,No,83,82,101.22,Bowled,Out,Won,1,1,0,0,1,1
2012,ODI,International Cricket,India,New Zealand,Narendra Modi Stadium,India,No,2,13,15.38,Bowled,Out,Won,1,1,0,0,0,1
2012,IPL,Indian Premier League,Deccan Chargers,Chennai Super Kings,MA Chidambaram Stadium,India,No,23,21,109.52,Bowled,Out,Won,1,1,0,0,0,1
2013,IPL,Indian Premier League,Deccan Chargers,Rajasthan Royals,MA Chidambaram Stadium,India,No,24,17,141.18,Run Out,Out,Won,1,1,0,0,0,1
2013,ODI,International Cricket,India,Ireland,R. Premadasa Stadium,Sri Lanka,No,98,134,73.13,Caught,Out,Won,1,1,0,0,1,1
2013,ODI,International Cricket,India,New Zealand,Zahur Ahmed Chowdhury Stadium,Bangladesh,No,120,105,114.29,Bowled,Out,Won,1,1,1,0,0,1
2013,Test,International Cricket,India,Australia,Sher-e-Bangla National Cricket Stadium,Bangladesh,No,24,89,26.97,Caught,Out,Won,1,1,0,0,0,1
2013,ODI,International Cricket,India,Bangladesh,Sheikh Zayed Stadium,UAE,No,5,1,500.0,Bowled,Out,Lost,1,1,0,0,0,0
2013,IPL,Indian Premier League,Deccan Chargers,Delhi Capitals,MA Chidambaram Stadium,India,No,3,13,23.08,Not Out,Not Out,Won,1,1,0,0,0,1
2013,IPL,Indian Premier League,Mumbai Indians,Gujarat Titans,Arun Jaitley Stadium,India,Yes,44,45,97.78,Not Out,Not Out,Lost,1,1,0,0,0,0
2013,IPL,Indian Premier League,Mumbai Indians,Gujarat Titans,MA Chidambaram Stadium,India,Yes,9,6,150.0,Caught,Out,Won,1,1,0,0,0,1
2013,Test,International Cricket,India,South Africa,Rajiv Gandhi International Stadium,India,No,12,33,36.36,Caught,Out,Won,1,1,0,0,0,1
2013,Test,International Cricket,India,Nepal,Sydney Cricket Ground,Australia,No,42,51,82.35,Bowled,Out,Lost,1,1,0,0,0,0
2013,IPL,Indian Premier League,Mumbai Indians,Rajasthan Royals,Wankhede Stadium,India,Yes,49,36,136.11,Caught,Out,Lost,1,1,0,0,0,0
2013,IPL,Indian Premier League,Deccan Chargers,Sunrisers Hyderabad,Narendra Modi Stadium,India,No,28,22,127.27,Not Out,Not Out,Won,1,1,0,0,0,1
2013,IPL,Indian Premier League,Mumbai Indians,Punjab Kings,MA Chidambaram Stadium,India,Yes,17,15,113.33,Caught,Out,Won,1,1,0,0,0,1
2013,ODI,International Cricket,India,Pakistan,Eden Gardens,India,No,110,142,77.46,Caught,Out,Won,1,1,1,0,0,1
2013,T20I,International Cricket,India,New Zealand,St George's Park,South Africa,No,2,3,66.67,LBW,Out,Won,1,1,0,0,0,1
2013,ODI,International Cricket,India,Pakistan,Kensington Oval,West Indies,No,9,1,900.0,Caught,Out,Won,1,1,0,0,0,1
2013,ODI,International Cricket,India,Sri Lanka,M. Chinnaswamy Stadium,India,No,3,5,60.0,Not Out,Not Out,Lost,1,1,0,0,0,0
2013,ODI,International Cricket,India,West Indies,Melbourne Cricket Ground,Australia,No,73,89,82.02,Caught,Out,Won,1,1,0,0,1,1
2013,ODI,International Cricket,India,Pakistan,Narendra Modi Stadium,India,No,1,5,20.0,Caught,Out,Lost,1,1,0,0,0,0
2013,ODI,International Cricket,India,Pakistan,Pallekele International Stadium,Sri Lanka,No,40,65,61.54,Caught,Out,Won,1,1,0,0,0,1
2013,ODI,International Cricket,India,New Zealand,The Oval,England,No,49,47,104.26,Run Out,Out,Lost,1,1,0,0,0,0
2013,IPL,Indian Premier League,Mumbai Indians,Chennai Super Kings,Eden Gardens,India,Yes,34,30,113.33,Bowled,Out,Lost,1,1,0,0,0,0
2013,IPL,Indian Premier League,Mumbai Indians,Chennai Super Kings,MA Chidambaram Stadium,India,Yes,59,55,107.27,Caught,Out,Won,1,1,0,0,1,1
2013,ODI,International Cricket,India,Zimbabwe,Pallekele International Stadium,Sri Lanka,No,51,72,70.83,Not Out,Not Out,Lost,1,1,0,0,1,0
2013,IPL,Indian Premier League,Deccan Chargers,Chennai Super Kings,Rajiv Gandhi International Stadium,India,No,42,51,82.35,Bowled,Out,Won,1,1,0,0,0,1
2013,ODI,International Cricket,India,Pakistan,Old Trafford,England,No,96,107,89.72,Caught,Out,Lost,1,1,0,0,1,0
2013,IPL,Indian Premier League,Deccan Chargers,Sunrisers Hyderabad,Narendra Modi Stadium,India,No,40,24,166.67,Caught,Out,Won,1,1,0,0,0,1
2013,IPL,Indian Premier League,Deccan Chargers,Punjab Kings,M. Chinnaswamy Stadium,India,No,48,49,97.96,Caught,Out,Lost,1,1,0,0,0,0
2013,T20I,International Cricket,India,Nepal,Kingsmead,South Africa,No,20,25,80.0,Caught,Out,Lost,1,1,0,0,0,0
2013,IPL,Indian Premier League,Deccan Chargers,Delhi Capitals,MA Chidambaram Stadium,India,No,35,24,145.83,Caught,Out,Lost,1,1,0,0,0,0
2013,ODI,International Cricket,India,West Indies,R. Premadasa Stadium,Sri Lanka,No,4,5,80.0,Caught,Out,Won,1,1,0,0,0,1
2013,T20I,International Cricket,India,Sri Lanka,Sheikh Zayed Stadium,UAE,No,60,69,86.96,Caught,Out,Lost,1,1,0,0,1,0
2013,IPL,Indian Premier League,Mumbai Indians,Delhi Capitals,Arun Jaitley Stadium,India,Yes,62,40,155.0,Bowled,Out,Won,1,1,0,0,1,1
2013,T20I,International Cricket,India,West Indies,Rajiv Gandhi International Stadium,India,No,40,36,111.11,Bowled,Out,Won,1,1,0,0,0,1
2013,IPL,Indian Premier League,Mumbai Indians,Rajasthan Royals,Arun Jaitley Stadium,India,Yes,16,18,88.89,Bowled,Out,Won,1,1,0,0,0,1
2013,IPL,Indian Premier League,Deccan Chargers,Sunrisers Hyderabad,Eden Gardens,India,No,16,17,94.12,Caught,Out,Won,1,1,0,0,0,1
2013,ODI,International Cricket,India,Afghanistan,Wanderers Stadium,South Africa,No,66,76,86.84,Not Out,Not Out,Won,1,1,0,0,1,1
2013,ODI,International Cricket,India,West Indies,Galle International Stadium,Sri Lanka,No,7,11,63.64,Bowled,Out,Lost,1,1,0,0,0,0
2013,IPL,Indian Premier League,Deccan Chargers,Gujarat Titans,M. Chinnaswamy Stadium,India,No,1,4,25.0,Bowled,Out,Lost,1,1,0,0,0,0
2013,IPL,Indian Premier League,Mumbai Indians,Delhi Capitals,MA Chidambaram Stadium,India,Yes,21,23,91.3,Caught,Out,Won,1,1,0,0,0,1
2013,IPL,Indian Premier League,Mumbai Indians,Lucknow Super Giants,MA Chidambaram Stadium,India,Yes,29,37,78.38,Caught,Out,Won,1,1,0,0,0,1
2013,IPL,Indian Premier League,Deccan Chargers,Punjab Kings,Narendra Modi Stadium,India,No,1,2,50.0,Not Out,Not Out,Won,1,1,0,0,0,1
2013,IPL,Indian Premier League,Deccan Chargers,Delhi Capitals,M. Chinnaswamy Stadium,India,No,31,26,119.23,Bowled,Out,Won,1,1,0,0,0,1
2013,IPL,Indian Premier League,Mumbai Indians,Delhi Capitals,MA Chidambaram Stadium,India,Yes,7,11,63.64,Stumped,Out,Won,1,1,0,0,0,1
2013,ODI,International Cricket,India,Bangladesh,MA Chidambaram Stadium,India,No,20,24,83.33,LBW,Out,Lost,1,1,0,0,0,0
2013,IPL,Indian Premier League,Deccan Chargers,Delhi Capitals,Narendra Modi Stadium,India,No,29,29,100.0,LBW,Out,Lost,1,1,0,0,0,0
2013,ODI,International Cricket,India,Bangladesh,Sharjah Cricket Stadium,UAE,No,67,69,97.1,Caught,Out,Won,1,1,0,0,1,1
2013,IPL,Indian Premier League,Mumbai Indians,Chennai Super Kings,Rajiv Gandhi International Stadium,India,Yes,14,16,87.5,Caught,Out,Won,1,1,0,0,0,1
2014,ODI,International Cricket,India,South Africa,Kingsmead,South Africa,No,23,33,69.7,Not Out,Not Out,Lost,1,1,0,0,0,0
2014,IPL,Indian Premier League,Deccan Chargers,Sunrisers Hyderabad,Narendra Modi Stadium,India,No,18,26,69.23,Run Out,Out,Won,1,1,0,0,0,1
2014,T20I,International Cricket,India,Bangladesh,Narendra Modi Stadium,India,No,43,45,95.56,Run Out,Out,Won,1,1,0,0,0,1
2014,ODI,International Cricket,India,Afghanistan,Basin Reserve,New Zealand,No,25,38,65.79,LBW,Out,Won,1,1,0,0,0,1
2014,ODI,International Cricket,India,South Africa,Kingsmead,South Africa,No,29,39,74.36,Caught,Out,Won,1,1,0,0,0,1
2014,IPL,Indian Premier League,Mumbai Indians,Chennai Super Kings,MA Chidambaram Stadium,India,Yes,4,13,30.77,LBW,Out,Won,1,1,0,0,0,1
2014,ODI,International Cricket,India,Zimbabwe,Hagley Oval,New Zealand,No,88,115,76.52,Caught,Out,Won,1,1,0,0,1,1
2014,IPL,Indian Premier League,Deccan Chargers,Rajasthan Royals,Narendra Modi Stadium,India,No,45,52,86.54,Caught,Out,Won,1,1,0,0,0,1
2014,ODI,International Cricket,India,Pakistan,Sharjah Cricket Stadium,UAE,No,0,5,0.0,Run Out,Out,Lost,1,1,0,0,0,0
2014,ODI,International Cricket,India,Sri Lanka,Old Trafford,England,No,118,96,122.92,Bowled,Out,Won,1,1,1,0,0,1
2014,ODI,International Cricket,India,England,M. Chinnaswamy Stadium,India,No,77,59,130.51,Caught,Out,Won,1,1,0,0,1,1
2014,T20I,International Cricket,India,Nepal,The Oval,England,No,33,38,86.84,Not Out,Not Out,Won,1,1,0,0,0,1
2014,ODI,International Cricket,India,West Indies,Lord's,England,No,11,22,50.0,LBW,Out,Lost,1,1,0,0,0,0
2014,Test,International Cricket,India,Afghanistan,Wankhede Stadium,India,No,51,97,52.58,Caught,Out,Lost,1,1,0,0,1,0
2014,ODI,International Cricket,India,Zimbabwe,Sharjah Cricket Stadium,UAE,No,2,10,20.0,Stumped,Out,Won,1,1,0,0,0,1
2014,Test,International Cricket,India,New Zealand,Eden Park,New Zealand,No,15,84,17.86,Bowled,Out,Lost,1,1,0,0,0,0
2014,IPL,Indian Premier League,Mumbai Indians,Sunrisers Hyderabad,Eden Gardens,India,Yes,4,6,66.67,Bowled,Out,Won,1,1,0,0,0,1
2014,IPL,Indian Premier League,Mumbai Indians,Chennai Super Kings,Arun Jaitley Stadium,India,Yes,26,31,83.87,Caught,Out,Lost,1,1,0,0,0,0
2014,ODI,International Cricket,India,England,Arun Jaitley Stadium,India,No,9,12,75.0,Run Out,Out,Lost,1,1,0,0,0,0
2014,IPL,Indian Premier League,Deccan Chargers,Sunrisers Hyderabad,MA Chidambaram Stadium,India,No,30,22,136.36,Caught,Out,Won,1,1,0,0,0,1
2014,ODI,International Cricket,India,Afghanistan,Trent Bridge,England,No,22,36,61.11,Caught,Out,Won,1,1,0,0,0,1
2014,ODI,International Cricket,India,Nepal,Melbourne Cricket Ground,Australia,No,32,51,62.75,Caught,Out,Lost,1,1,0,0,0,0
2014,IPL,Indian Premier League,Deccan Chargers,Chennai Super Kings,MA Chidambaram Stadium,India,No,6,5,120.0,Bowled,Out,Won,1,1,0,0,0,1
2014,IPL,Indian Premier League,Deccan Chargers,Royal Challengers Bengaluru,Eden Gardens,India,No,30,26,115.38,Caught,Out,Won,1,1,0,0,0,1
2014,IPL,Indian Premier League,Mumbai Indians,Punjab Kings,MA Chidambaram Stadium,India,Yes,9,8,112.5,Stumped,Out,Won,1,1,0,0,0,1
2014,IPL,Indian Premier League,Deccan Chargers,Rajasthan Royals,Rajiv Gandhi International Stadium,India,No,9,7,128.57,Caught,Out,Won,1,1,0,0,0,1
2014,IPL,Indian Premier League,Mumbai Indians,Rajasthan Royals,Wankhede Stadium,India,Yes,10,15,66.67,Caught,Out,Lost,1,1,0,0,0,0
2014,ODI,International Cricket,India,Afghanistan,Sher-e-Bangla National Cricket Stadium,Bangladesh,No,113,123,91.87,Caught,Out,Lost,1,1,1,0,0,0
2014,Test,International Cricket,India,Sri Lanka,Melbourne Cricket Ground,Australia,No,103,151,68.21,Caught,Out,Lost,1,1,1,0,0,0
2014,IPL,Indian Premier League,Mumbai Indians,Delhi Capitals,Rajiv Gandhi International Stadium,India,Yes,40,43,93.02,Run Out,Out,Won,1,1,0,0,0,1
2014,IPL,Indian Premier League,Deccan Chargers,Sunrisers Hyderabad,MA Chidambaram Stadium,India,No,16,17,94.12,Caught,Out,Won,1,1,0,0,0,1
2014,ODI,International Cricket,India,Pakistan,St George's Park,South Africa,No,2,4,50.0,Caught,Out,Won,1,1,0,0,0,1
2014,IPL,Indian Premier League,Mumbai Indians,Rajasthan Royals,Narendra Modi Stadium,India,Yes,9,8,112.5,Bowled,Out,Won,1,1,0,0,0,1
2014,ODI,International Cricket,India,West Indies,Seddon Park,New Zealand,No,53,84,63.1,Caught,Out,Won,1,1,0,0,1,1
2014,ODI,International Cricket,India,South Africa,Adelaide Oval,Australia,No,122,161,75.78,Bowled,Out,Won,1,1,1,0,0,1
2014,ODI,International Cricket,India,New Zealand,Lord's,England,No,39,61,63.93,Not Out,Not Out,Won,1,1,0,0,0,1
2014,ODI,International Cricket,India,Pakistan,Narendra Modi Stadium,India,No,46,51,90.2,Caught,Out,Lost,1,1,0,0,0,0
2014,T20I,International Cricket,India,Bangladesh,Trent Bridge,England,No,1,3,33.33,Run Out,Out,Lost,1,1,0,0,0,0
2014,ODI,International Cricket,India,Nepal,Rajiv Gandhi International Stadium,India,No,37,47,78.72,Caught,Out,Won,1,1,0,0,0,1
2014,IPL,Indian Premier League,Deccan Chargers,Rajasthan Royals,Arun Jaitley Stadium,India,No,21,23,91.3,LBW,Out,Won,1,1,0,0,0,1
2014,ODI,International Cricket,India,Sri Lanka,Sharjah Cricket Stadium,UAE,No,25,35,71.43,Caught,Out,Won,1,1,0,0,0,1
2014,ODI,International Cricket,India,South Africa,Sharjah Cricket Stadium,UAE,No,44,62,70.97,Not Out,Not Out,Won,1,1,0,0,0,1
2014,ODI,International Cricket,India,Ireland,Wankhede Stadium,India,No,98,142,69.01,Not Out,Not Out,Won,1,1,0,0,1,1
2014,IPL,Indian Premier League,Mumbai Indians,Rajasthan Royals,MA Chidambaram Stadium,India,Yes,76,88,86.36,LBW,Out,Won,1,1,0,0,1,1
2014,IPL,Indian Premier League,Mumbai Indians,Gujarat Titans,M. Chinnaswamy Stadium,India,Yes,21,27,77.78,Caught,Out,Won,1,1,0,0,0,1
2014,ODI,International Cricket,India,Bangladesh,Lord's,England,No,37,42,88.1,Not Out,Not Out,Won,1,1,0,0,0,1
2014,ODI,International Cricket,India,Australia,Zahur Ahmed Chowdhury Stadium,Bangladesh,No,76,72,105.56,LBW,Out,Won,1,1,0,0,1,1
2014,IPL,Indian Premier League,Deccan Chargers,Delhi Capitals,Wankhede Stadium,India,No,0,3,0.0,LBW,Out,Won,1,1,0,0,0,1
2015,IPL,Indian Premier League,Mumbai Indians,Gujarat Titans,Rajiv Gandhi International Stadium,India,Yes,8,11,72.73,Caught,Out,Lost,1,1,0,0,0,0
2015,IPL,Indian Premier League,Deccan Chargers,Kolkata Knight Riders,Eden Gardens,India,No,41,38,107.89,Caught,Out,Won,1,1,0,0,0,1
2015,IPL,Indian Premier League,Mumbai Indians,Royal Challengers Bengaluru,Rajiv Gandhi International Stadium,India,Yes,29,31,93.55,Stumped,Out,Lost,1,1,0,0,0,0
2015,IPL,Indian Premier League,Deccan Chargers,Delhi Capitals,Narendra Modi Stadium,India,No,33,31,106.45,Bowled,Out,Won,1,1,0,0,0,1
2015,IPL,Indian Premier League,Mumbai Indians,Lucknow Super Giants,Wankhede Stadium,India,Yes,72,55,130.91,Not Out,Not Out,Won,1,1,0,0,1,1
2015,ODI,International Cricket,India,New Zealand,Newlands,South Africa,No,23,27,85.19,Not Out,Not Out,Won,1,1,0,0,0,1
2015,IPL,Indian Premier League,Deccan Chargers,Chennai Super Kings,Wankhede Stadium,India,No,116,95,122.11,Caught,Out,Won,1,1,1,0,0,1
2015,IPL,Indian Premier League,Deccan Chargers,Lucknow Super Giants,Eden Gardens,India,No,52,49,106.12,Bowled,Out,Lost,1,1,0,0,1,0
2015,IPL,Indian Premier League,Deccan Chargers,Lucknow Super Giants,Rajiv Gandhi International Stadium,India,No,9,9,100.0,Caught,Out,Won,1,1,0,0,0,1
2015,IPL,Indian Premier League,Mumbai Indians,Sunrisers Hyderabad,Narendra Modi Stadium,India,Yes,56,43,130.23,Not Out,Not Out,Lost,1,1,0,0,1,0
2015,ODI,International Cricket,India,New Zealand,Sydney Cricket Ground,Australia,No,9,8,112.5,Not Out,Not Out,Lost,1,1,0,0,0,0
2015,ODI,International Cricket,India,Pakistan,Hagley Oval,New Zealand,No,44,56,78.57,Caught,Out,Won,1,1,0,0,0,1
2015,ODI,International Cricket,India,Bangladesh,Rajiv Gandhi International Stadium,India,No,66,95,69.47,Caught,Out,Won,1,1,0,0,1,1
2015,IPL,Indian Premier League,Mumbai Indians,Kolkata Knight Riders,M. Chinnaswamy Stadium,India,Yes,5,6,83.33,Caught,Out,Won,1,1,0,0,0,1
2015,ODI,International Cricket,India,Australia,Rajiv Gandhi International Stadium,India,No,11,16,68.75,LBW,Out,Lost,1,1,0,0,0,0
2015,ODI,International Cricket,India,New Zealand,Adelaide Oval,Australia,No,23,41,56.1,Caught,Out,Lost,1,1,0,0,0,0
2015,ODI,International Cricket,India,Nepal,Basin Reserve,New Zealand,No,17,22,77.27,Stumped,Out,Won,1,1,0,0,0,1
2015,ODI,International Cricket,India,Australia,Eden Gardens,India,No,49,75,65.33,LBW,Out,Lost,1,1,0,0,0,0
2015,Test,International Cricket,India,Sri Lanka,Arun Jaitley Stadium,India,No,29,87,33.33,Caught,Out,Won,1,1,0,0,0,1
2015,ODI,International Cricket,India,Zimbabwe,MA Chidambaram Stadium,India,No,27,38,71.05,Bowled,Out,Lost,1,1,0,0,0,0
2015,ODI,International Cricket,India,Zimbabwe,St George's Park,South Africa,No,34,39,87.18,LBW,Out,Lost,1,1,0,0,0,0
2015,IPL,Indian Premier League,Deccan Chargers,Punjab Kings,Wankhede Stadium,India,No,18,16,112.5,Stumped,Out,Lost,1,1,0,0,0,0
2015,ODI,International Cricket,India,Australia,Sharjah Cricket Stadium,UAE,No,56,76,73.68,Caught,Out,Lost,1,1,0,0,1,0
2015,T20I,International Cricket,India,Pakistan,Pallekele International Stadium,Sri Lanka,No,42,36,116.67,Run Out,Out,Won,1,1,0,0,0,1
2015,IPL,Indian Premier League,Deccan Chargers,Gujarat Titans,Narendra Modi Stadium,India,No,53,55,96.36,Caught,Out,Won,1,1,0,0,1,1
2015,Test,International Cricket,India,Bangladesh,Rajiv Gandhi International Stadium,India,No,61,81,75.31,Bowled,Out,Won,1,1,0,0,1,1
2015,ODI,International Cricket,India,Sri Lanka,Melbourne Cricket Ground,Australia,No,20,19,105.26,Bowled,Out,Won,1,1,0,0,0,1
2015,ODI,International Cricket,India,West Indies,MA Chidambaram Stadium,India,No,42,49,85.71,Caught,Out,Won,1,1,0,0,0,1
2015,T20I,International Cricket,India,Nepal,Dubai International Cricket Stadium,UAE,No,89,67,132.84,Caught,Out,Won,1,1,0,0,1,1
2015,ODI,International Cricket,India,Australia,Dubai International Cricket Stadium,UAE,No,4,13,30.77,Stumped,Out,Lost,1,1,0,0,0,0
2015,IPL,Indian Premier League,Deccan Chargers,Lucknow Super Giants,MA Chidambaram Stadium,India,No,18,22,81.82,Caught,Out,Won,1,1,0,0,0,1
2015,IPL,Indian Premier League,Mumbai Indians,Lucknow Super Giants,M. Chinnaswamy Stadium,India,Yes,30,25,120.0,Caught,Out,Won,1,1,0,0,0,1
2015,ODI,International Cricket,India,South Africa,MA Chidambaram Stadium,India,No,33,54,61.11,Caught,Out,Won,1,1,0,0,0,1
2015,IPL,Indian Premier League,Mumbai Indians,Kolkata Knight Riders,MA Chidambaram Stadium,India,Yes,9,7,128.57,LBW,Out,Won,1,1,0,0,0,1
2015,ODI,International Cricket,India,Afghanistan,Wankhede Stadium,India,No,44,44,100.0,Stumped,Out,Won,1,1,0,0,0,1
2015,IPL,Indian Premier League,Deccan Chargers,Lucknow Super Giants,Wankhede Stadium,India,No,5,6,83.33,Caught,Out,Lost,1,1,0,0,0,0
2015,IPL,Indian Premier League,Deccan Chargers,Lucknow Super Giants,Rajiv Gandhi International Stadium,India,No,4,7,57.14,Caught,Out,Lost,1,1,0,0,0,0
2015,IPL,Indian Premier League,Deccan Chargers,Lucknow Super Giants,Eden Gardens,India,No,0,10,0.0,Not Out,Not Out,Won,1,1,0,0,0,1
2015,ODI,International Cricket,India,New Zealand,Adelaide Oval,Australia,No,78,76,102.63,Bowled,Out,Won,1,1,0,0,1,1
2015,T20I,International Cricket,India,Nepal,Narendra Modi Stadium,India,No,13,9,144.44,Caught,Out,Lost,1,1,0,0,0,0
2015,ODI,International Cricket,India,Pakistan,Pallekele International Stadium,Sri Lanka,No,29,49,59.18,Run Out,Out,Won,1,1,0,0,0,1
2015,ODI,International Cricket,India,Australia,Sydney Cricket Ground,Australia,No,1,2,50.0,LBW,Out,Lost,1,1,0,0,0,0
2015,ODI,International Cricket,India,Ireland,Kingsmead,South Africa,No,23,27,85.19,Stumped,Out,Won,1,1,0,0,0,1
2015,ODI,International Cricket,India,South Africa,M. Chinnaswamy Stadium,India,No,41,43,95.35,Caught,Out,Lost,1,1,0,0,0,0
2015,T20I,International Cricket,India,Afghanistan,M. Chinnaswamy Stadium,India,No,14,20,70.0,Stumped,Out,Lost,1,1,0,0,0,0
2015,ODI,International Cricket,India,Nepal,Trent Bridge,England,No,10,19,52.63,Bowled,Out,Won,1,1,0,0,0,1
2015,ODI,International Cricket,India,West Indies,Sher-e-Bangla National Cricket Stadium,Bangladesh,No,7,14,50.0,Run Out,Out,Won,1,1,0,0,0,1
2016,ODI,International Cricket,India,West Indies,M. Chinnaswamy Stadium,India,No,21,30,70.0,Not Out,Not Out,Won,1,1,0,0,0,1
2016,IPL,Indian Premier League,Deccan Chargers,Punjab Kings,M. Chinnaswamy Stadium,India,No,41,34,120.59,Caught,Out,Lost,1,1,0,0,0,0
2016,T20I,International Cricket,India,West Indies,Arun Jaitley Stadium,India,No,12,15,80.0,Caught,Out,Won,1,1,0,0,0,1
2016,ODI,International Cricket,India,Pakistan,Basin Reserve,New Zealand,No,1,3,33.33,Caught,Out,Won,1,1,0,0,0,1
2016,IPL,Indian Premier League,Deccan Chargers,Sunrisers Hyderabad,Narendra Modi Stadium,India,No,5,7,71.43,Not Out,Not Out,Won,1,1,0,0,0,1
2016,ODI,International Cricket,India,Zimbabwe,Rajiv Gandhi International Stadium,India,No,73,64,114.06,Not Out,Not Out,Lost,1,1,0,0,1,0
2016,T20I,International Cricket,India,New Zealand,Rajiv Gandhi International Stadium,India,No,27,31,87.1,Not Out,Not Out,Won,1,1,0,0,0,1
2016,ODI,International Cricket,India,England,M. Chinnaswamy Stadium,India,No,43,51,84.31,LBW,Out,Won,1,1,0,0,0,1
2016,ODI,International Cricket,India,Bangladesh,Wankhede Stadium,India,No,26,35,74.29,Run Out,Out,Won,1,1,0,0,0,1
2016,Test,International Cricket,India,Bangladesh,R. Premadasa Stadium,Sri Lanka,No,49,57,85.96,Caught,Out,Won,1,1,0,0,0,1
2016,ODI,International Cricket,India,Ireland,Kensington Oval,West Indies,No,7,16,43.75,Bowled,Out,Won,1,1,0,0,0,1
2016,IPL,Indian Premier League,Deccan Chargers,Royal Challengers Bengaluru,Rajiv Gandhi International Stadium,India,No,14,11,127.27,Bowled,Out,Won,1,1,0,0,0,1
2016,IPL,Indian Premier League,Mumbai Indians,Lucknow Super Giants,Rajiv Gandhi International Stadium,India,Yes,30,26,115.38,Caught,Out,Won,1,1,0,0,0,1
2016,ODI,International Cricket,India,Nepal,Sheikh Zayed Stadium,UAE,No,69,110,62.73,Caught,Out,Won,1,1,0,0,1,1
2016,IPL,Indian Premier League,Mumbai Indians,Sunrisers Hyderabad,Wankhede Stadium,India,Yes,3,5,60.0,Caught,Out,Won,1,1,0,0,0,1
2016,IPL,Indian Premier League,Deccan Chargers,Punjab Kings,Arun Jaitley Stadium,India,No,54,41,131.71,Run Out,Out,Lost,1,1,0,0,1,0
2016,ODI,International Cricket,India,England,Sher-e-Bangla National Cricket Stadium,Bangladesh,No,2,4,50.0,Caught,Out,Lost,1,1,0,0,0,0
2016,Test,International Cricket,India,Bangladesh,Sharjah Cricket Stadium,UAE,No,44,62,70.97,Caught,Out,Lost,1,1,0,0,0,0
2016,ODI,International Cricket,India,New Zealand,Basin Reserve,New Zealand,No,26,36,72.22,Not Out,Not Out,Won,1,1,0,0,0,1
2016,ODI,International Cricket,India,Afghanistan,Arun Jaitley Stadium,India,No,18,21,85.71,Bowled,Out,Won,1,1,0,0,0,1
2016,IPL,Indian Premier League,Mumbai Indians,Royal Challengers Bengaluru,Rajiv Gandhi International Stadium,India,Yes,31,26,119.23,Not Out,Not Out,Lost,1,1,0,0,0,0
2016,IPL,Indian Premier League,Mumbai Indians,Royal Challengers Bengaluru,M. Chinnaswamy Stadium,India,Yes,56,56,100.0,Not Out,Not Out,Lost,1,1,0,0,1,0
2016,IPL,Indian Premier League,Mumbai Indians,Punjab Kings,M. Chinnaswamy Stadium,India,Yes,39,39,100.0,Not Out,Not Out,Won,1,1,0,0,0,1
2016,T20I,International Cricket,India,Bangladesh,Arun Jaitley Stadium,India,No,20,25,80.0,LBW,Out,Lost,1,1,0,0,0,0
2016,ODI,International Cricket,India,England,Hagley Oval,New Zealand,No,135,118,114.41,Not Out,Not Out,Lost,1,1,1,0,0,0
2016,T20I,International Cricket,India,South Africa,Arun Jaitley Stadium,India,No,0,12,0.0,Not Out,Not Out,Won,1,1,0,0,0,1
2016,Test,International Cricket,India,Nepal,Rajiv Gandhi International Stadium,India,No,22,81,27.16,Not Out,Not Out,Lost,1,1,0,0,0,0
2016,Test,International Cricket,India,New Zealand,Narendra Modi Stadium,India,No,22,91,24.18,Caught,Out,Won,1,1,0,0,0,1
2016,ODI,International Cricket,India,Ireland,Pallekele International Stadium,Sri Lanka,No,49,59,83.05,Caught,Out,Won,1,1,0,0,0,1
2016,IPL,Indian Premier League,Deccan Chargers,Lucknow Super Giants,Eden Gardens,India,No,35,40,87.5,Stumped,Out,Won,1,1,0,0,0,1
2016,Test,International Cricket,India,Afghanistan,Sharjah Cricket Stadium,UAE,No,65,102,63.73,Bowled,Out,Won,1,1,0,0,1,1
2016,T20I,International Cricket,India,New Zealand,Zahur Ahmed Chowdhury Stadium,Bangladesh,No,28,21,133.33,Bowled,Out,Won,1,1,0,0,0,1
2016,IPL,Indian Premier League,Deccan Chargers,Gujarat Titans,MA Chidambaram Stadium,India,No,86,82,104.88,Caught,Out,Lost,1,1,0,0,1,0
2016,IPL,Indian Premier League,Deccan Chargers,Lucknow Super Giants,Wankhede Stadium,India,No,9,9,100.0,Not Out,Not Out,Lost,1,1,0,0,0,0
2016,Test,International Cricket,India,West Indies,Sydney Cricket Ground,Australia,No,31,104,29.81,Caught,Out,Won,1,1,0,0,0,1
2016,ODI,International Cricket,India,Australia,Sher-e-Bangla National Cricket Stadium,Bangladesh,No,45,75,60.0,Bowled,Out,Won,1,1,0,0,0,1
2016,ODI,International Cricket,India,Pakistan,Eden Park,New Zealand,No,18,26,69.23,Bowled,Out,Lost,1,1,0,0,0,0
2016,ODI,International Cricket,India,New Zealand,Pallekele International Stadium,Sri Lanka,No,42,56,75.0,Caught,Out,Won,1,1,0,0,0,1
2016,ODI,International Cricket,India,West Indies,Trent Bridge,England,No,39,51,76.47,Caught,Out,Won,1,1,0,0,0,1
2016,ODI,International Cricket,India,Sri Lanka,Trent Bridge,England,No,30,34,88.24,Caught,Out,Won,1,1,0,0,0,1
2016,IPL,Indian Premier League,Deccan Chargers,Chennai Super Kings,Wankhede Stadium,India,No,22,25,88.0,Not Out,Not Out,Won,1,1,0,0,0,1
2016,ODI,International Cricket,India,Sri Lanka,Queen's Park Oval,West Indies,No,55,75,73.33,Caught,Out,Lost,1,1,0,0,1,0
2017,T20I,International Cricket,India,Bangladesh,Seddon Park,New Zealand,No,41,52,78.85,Not Out,Not Out,Lost,1,1,0,0,0,0
2017,IPL,Indian Premier League,Mumbai Indians,Chennai Super Kings,Rajiv Gandhi International Stadium,India,Yes,118,83,142.17,LBW,Out,Won,1,1,1,0,0,1
2017,T20I,International Cricket,India,Afghanistan,Seddon Park,New Zealand,Yes,2,3,66.67,Caught,Out,Won,1,1,0,0,0,1
2017,IPL,Indian Premier League,Mumbai Indians,Royal Challengers Bengaluru,Rajiv Gandhi International Stadium,India,Yes,32,24,133.33,Caught,Out,Lost,1,1,0,0,0,0
2017,IPL,Indian Premier League,Mumbai Indians,Punjab Kings,Rajiv Gandhi International Stadium,India,Yes,0,13,0.0,Not Out,Not Out,Won,1,1,0,0,0,1
2017,ODI,International Cricket,India,England,Dubai International Cricket Stadium,UAE,No,19,27,70.37,Not Out,Not Out,Won,1,1,0,0,0,1
2017,T20I,International Cricket,India,Bangladesh,Wanderers Stadium,South Africa,Yes,21,25,84.0,Caught,Out,Won,1,1,0,0,0,1
2017,IPL,Indian Premier League,Deccan Chargers,Gujarat Titans,Narendra Modi Stadium,India,No,62,37,167.57,Caught,Out,Won,1,1,0,0,1,1
2017,Test,International Cricket,India,Australia,Lord's,England,Yes,35,78,44.87,Caught,Out,Won,1,1,0,0,0,1
2017,ODI,International Cricket,India,South Africa,Wanderers Stadium,South Africa,Yes,44,44,100.0,Bowled,Out,Won,1,1,0,0,0,1
2017,T20I,International Cricket,India,South Africa,Sabina Park,West Indies,Yes,4,1,400.0,Caught,Out,Won,1,1,0,0,0,1
2017,ODI,International Cricket,India,South Africa,Sher-e-Bangla National Cricket Stadium,Bangladesh,Yes,29,29,100.0,LBW,Out,Won,1,1,0,0,0,1
2017,IPL,Indian Premier League,Mumbai Indians,Chennai Super Kings,Arun Jaitley Stadium,India,Yes,61,37,164.86,LBW,Out,Lost,1,1,0,0,1,0
2017,IPL,Indian Premier League,Deccan Chargers,Gujarat Titans,M. Chinnaswamy Stadium,India,No,22,19,115.79,Caught,Out,Won,1,1,0,0,0,1
2017,Test,International Cricket,India,Afghanistan,Hagley Oval,New Zealand,Yes,16,33,48.48,Caught,Out,Lost,1,1,0,0,0,0
2017,IPL,Indian Premier League,Deccan Chargers,Sunrisers Hyderabad,Narendra Modi Stadium,India,No,8,10,80.0,Not Out,Not Out,Won,1,1,0,0,0,1
2017,IPL,Indian Premier League,Mumbai Indians,Lucknow Super Giants,Arun Jaitley Stadium,India,Yes,54,63,85.71,Not Out,Not Out,Won,1,1,0,0,1,1
2017,IPL,Indian Premier League,Mumbai Indians,Punjab Kings,MA Chidambaram Stadium,India,Yes,18,20,90.0,Bowled,Out,Won,1,1,0,0,0,1
2017,ODI,International Cricket,India,Bangladesh,Arun Jaitley Stadium,India,No,7,12,58.33,Caught,Out,Won,1,1,0,0,0,1
2017,T20I,International Cricket,India,Afghanistan,Arun Jaitley Stadium,India,No,1,13,7.69,Not Out,Not Out,Won,1,1,0,0,0,1
2017,IPL,Indian Premier League,Mumbai Indians,Delhi Capitals,M. Chinnaswamy Stadium,India,Yes,32,33,96.97,Caught,Out,Won,1,1,0,0,0,1
2017,ODI,International Cricket,India,Australia,Sabina Park,West Indies,Yes,83,106,78.3,Caught,Out,Won,1,1,0,0,1,1
2017,ODI,International Cricket,India,Pakistan,Eden Gardens,India,Yes,16,21,76.19,Caught,Out,Won,1,1,0,0,0,1
2017,IPL,Indian Premier League,Mumbai Indians,Gujarat Titans,Eden Gardens,India,Yes,14,15,93.33,Bowled,Out,Won,1,1,0,0,0,1
2017,ODI,International Cricket,India,South Africa,Galle International Stadium,Sri Lanka,Yes,62,78,79.49,Not Out,Not Out,Won,1,1,0,0,1,1
2017,IPL,Indian Premier League,Mumbai Indians,Royal Challengers Bengaluru,Narendra Modi Stadium,India,Yes,53,36,147.22,Caught,Out,Lost,1,1,0,0,1,0
2017,Test,International Cricket,India,Ireland,Eden Gardens,India,No,42,55,76.36,Bowled,Out,Won,1,1,0,0,0,1
2017,T20I,International Cricket,India,Zimbabwe,Seddon Park,New Zealand,Yes,4,8,50.0,Caught,Out,Won,1,1,0,0,0,1
2017,IPL,Indian Premier League,Mumbai Indians,Rajasthan Royals,Wankhede Stadium,India,Yes,64,54,118.52,Caught,Out,Lost,1,1,0,0,1,0
2017,T20I,International Cricket,India,England,Wanderers Stadium,South Africa,No,50,31,161.29,Bowled,Out,Won,1,1,0,0,1,1
2017,ODI,International Cricket,India,Zimbabwe,M. Chinnaswamy Stadium,India,Yes,11,21,52.38,Bowled,Out,Won,1,1,0,0,0,1
2017,IPL,Indian Premier League,Deccan Chargers,Delhi Capitals,Rajiv Gandhi International Stadium,India,No,12,16,75.0,Caught,Out,Won,1,1,0,0,0,1
2017,T20I,International Cricket,India,Ireland,Lord's,England,Yes,45,42,107.14,Run Out,Out,Won,1,1,0,0,0,1
2017,ODI,International Cricket,India,Australia,Wanderers Stadium,South Africa,Yes,5,3,166.67,Caught,Out,Won,1,1,0,0,0,1
2017,IPL,Indian Premier League,Deccan Chargers,Gujarat Titans,Rajiv Gandhi International Stadium,India,No,37,42,88.1,Bowled,Out,Won,1,1,0,0,0,1
2017,ODI,International Cricket,India,Pakistan,Sharjah Cricket Stadium,UAE,Yes,61,76,80.26,Caught,Out,Won,1,1,0,0,1,1
2017,IPL,Indian Premier League,Mumbai Indians,Chennai Super Kings,MA Chidambaram Stadium,India,Yes,1,8,12.5,Run Out,Out,Won,1,1,0,0,0,1
2017,ODI,International Cricket,India,South Africa,M. Chinnaswamy Stadium,India,Yes,13,23,56.52,Not Out,Not Out,Won,1,1,0,0,0,1
2017,T20I,International Cricket,India,New Zealand,The Gabba,Australia,Yes,75,71,105.63,Bowled,Out,Lost,1,1,0,0,1,0
2017,ODI,International Cricket,India,Bangladesh,Lord's,England,Yes,7,1,700.0,Not Out,Not Out,Won,1,1,0,0,0,1
2017,Test,International Cricket,India,Nepal,The Gabba,Australia,Yes,14,26,53.85,Caught,Out,Lost,1,1,0,0,0,0
2017,T20I,International Cricket,India,West Indies,Wankhede Stadium,India,No,11,9,122.22,Caught,Out,Lost,1,1,0,0,0,0
2017,ODI,International Cricket,India,Pakistan,The Oval,England,Yes,43,65,66.15,Caught,Out,Lost,1,1,0,0,0,0
2017,ODI,International Cricket,India,Ireland,Wankhede Stadium,India,Yes,6,15,40.0,Run Out,Out,Won,1,1,0,0,0,1
2017,ODI,International Cricket,India,West Indies,M. Chinnaswamy Stadium,India,Yes,79,90,87.78,Bowled,Out,Won,1,1,0,0,1,1
2017,ODI,International Cricket,India,Australia,Hagley Oval,New Zealand,No,2,9,22.22,Bowled,Out,Won,1,1,0,0,0,1
2017,ODI,International Cricket,India,Afghanistan,Sher-e-Bangla National Cricket Stadium,Bangladesh,Yes,73,108,67.59,Caught,Out,Won,1,1,0,0,1,1
2017,T20I,International Cricket,India,Bangladesh,MA Chidambaram Stadium,India,Yes,18,20,90.0,Caught,Out,Lost,1,1,0,0,0,0
2017,Test,International Cricket,India,England,St George's Park,South Africa,Yes,56,95,58.95,LBW,Out,Won,1,1,0,0,1,1
2017,IPL,Indian Premier League,Deccan Chargers,Delhi Capitals,M. Chinnaswamy Stadium,India,No,9,9,100.0,Caught,Out,Lost,1,1,0,0,0,0
2017,IPL,Indian Premier League,Mumbai Indians,Sunrisers Hyderabad,Arun Jaitley Stadium,India,Yes,32,36,88.89,Stumped,Out,Won,1,1,0,0,0,1
2017,IPL,Indian Premier League,Deccan Chargers,Gujarat Titans,Wankhede Stadium,India,No,27,20,135.0,Bowled,Out,Won,1,1,0,0,0,1
2017,IPL,Indian Premier League,Deccan Chargers,Kolkata Knight Riders,MA Chidambaram Stadium,India,No,13,13,100.0,Not Out,Not Out,Won,1,1,0,0,0,1
2017,IPL,Indian Premier League,Mumbai Indians,Sunrisers Hyderabad,Rajiv Gandhi International Stadium,India,Yes,8,9,88.89,Run Out,Out,Lost,1,1,0,0,0,0
2017,Test,International Cricket,India,South Africa,Sher-e-Bangla National Cricket Stadium,Bangladesh,No,31,66,46.97,Caught,Out,Won,1,1,0,0,0,1
2018,IPL,Indian Premier League,Deccan Chargers,Lucknow Super Giants,Narendra Modi Stadium,India,No,32,25,128.0,Run Out,Out,Won,1,1,0,0,0,1
2018,ODI,International Cricket,India,Sri Lanka,Basin Reserve,New Zealand,Yes,1,4,25.0,Bowled,Out,Lost,1,1,0,0,0,0
2018,T20I,International Cricket,India,New Zealand,St George's Park,South Africa,Yes,26,27,96.3,Caught,Out,Won,1,1,0,0,0,1
2018,IPL,Indian Premier League,Mumbai Indians,Delhi Capitals,Eden Gardens,India,Yes,24,21,114.29,Caught,Out,Won,1,1,0,0,0,1
2018,ODI,International Cricket,India,England,Sydney Cricket Ground,Australia,Yes,7,5,140.0,Not Out,Not Out,Won,1,1,0,0,0,1
2018,IPL,Indian Premier League,Deccan Chargers,Royal Challengers Bengaluru,Rajiv Gandhi International Stadium,India,No,8,8,100.0,Bowled,Out,Lost,1,1,0,0,0,0
2018,ODI,International Cricket,India,Pakistan,Rajiv Gandhi International Stadium,India,Yes,68,109,62.39,Bowled,Out,Won,1,1,0,0,1,1
2018,ODI,International Cricket,India,Nepal,Old Trafford,England,Yes,84,69,121.74,Caught,Out,Won,1,1,0,0,1,1
2018,IPL,Indian Premier League,Mumbai Indians,Punjab Kings,Arun Jaitley Stadium,India,Yes,13,13,100.0,Caught,Out,Won,1,1,0,0,0,1
2018,Test,International Cricket,India,Bangladesh,Old Trafford,England,Yes,57,82,69.51,LBW,Out,Lost,1,1,0,0,1,0
2018,Test,International Cricket,India,New Zealand,MA Chidambaram Stadium,India,Yes,24,101,23.76,Caught,Out,Won,1,1,0,0,0,1
2018,ODI,International Cricket,India,Ireland,Hagley Oval,New Zealand,Yes,11,19,57.89,Caught,Out,Lost,1,1,0,0,0,0
2018,IPL,Indian Premier League,Mumbai Indians,Royal Challengers Bengaluru,Rajiv Gandhi International Stadium,India,Yes,11,14,78.57,Not Out,Not Out,Lost,1,1,0,0,0,0
2018,T20I,International Cricket,India,South Africa,Kensington Oval,West Indies,Yes,46,53,86.79,Bowled,Out,Won,1,1,0,0,0,1
2018,Test,International Cricket,India,England,Trent Bridge,England,Yes,9,13,69.23,Caught,Out,Won,1,1,0,0,0,1
2018,IPL,Indian Premier League,Mumbai Indians,Gujarat Titans,Arun Jaitley Stadium,India,Yes,1,7,14.29,Caught,Out,Won,1,1,0,0,0,1
2018,IPL,Indian Premier League,Mumbai Indians,Punjab Kings,Narendra Modi Stadium,India,Yes,4,2,200.0,Bowled,Out,Won,1,1,0,0,0,1
2018,IPL,Indian Premier League,Deccan Chargers,Delhi Capitals,Arun Jaitley Stadium,India,No,13,13,100.0,Caught,Out,Won,1,1,0,0,0,1
2018,Test,International Cricket,India,Pakistan,Sher-e-Bangla National Cricket Stadium,Bangladesh,No,58,67,86.57,LBW,Out,Lost,1,1,0,0,1,0
2018,T20I,International Cricket,India,South Africa,The Gabba,Australia,Yes,1,11,9.09,Caught,Out,Won,1,1,0,0,0,1
2018,IPL,Indian Premier League,Mumbai Indians,Gujarat Titans,Wankhede Stadium,India,Yes,25,17,147.06,Bowled,Out,Won,1,1,0,0,0,1
2018,ODI,International Cricket,India,Australia,Sher-e-Bangla National Cricket Stadium,Bangladesh,No,3,3,100.0,Caught,Out,Won,1,1,0,0,0,1
2018,ODI,International Cricket,India,England,Rajiv Gandhi International Stadium,India,Yes,89,128,69.53,LBW,Out,Lost,1,1,0,0,1,0
2018,Test,International Cricket,India,New Zealand,M. Chinnaswamy Stadium,India,Yes,19,70,27.14,Bowled,Out,Won,1,1,0,0,0,1
2018,IPL,Indian Premier League,Deccan Chargers,Lucknow Super Giants,M. Chinnaswamy Stadium,India,No,33,32,103.12,Caught,Out,Lost,1,1,0,0,0,0
2018,IPL,Indian Premier League,Mumbai Indians,Lucknow Super Giants,Narendra Modi Stadium,India,Yes,17,18,94.44,Caught,Out,Lost,1,1,0,0,0,0
2018,T20I,International Cricket,India,New Zealand,Wankhede Stadium,India,Yes,4,2,200.0,Not Out,Not Out,Lost,1,1,0,0,0,0
2018,IPL,Indian Premier League,Mumbai Indians,Delhi Capitals,Wankhede Stadium,India,Yes,38,30,126.67,LBW,Out,Won,1,1,0,0,0,1
2018,IPL,Indian Premier League,Mumbai Indians,Royal Challengers Bengaluru,Arun Jaitley Stadium,India,Yes,18,11,163.64,Caught,Out,Lost,1,1,0,0,0,0
2018,ODI,International Cricket,India,Zimbabwe,Sydney Cricket Ground,Australia,Yes,40,47,85.11,Caught,Out,Won,1,1,0,0,0,1
2018,ODI,International Cricket,India,Pakistan,M. Chinnaswamy Stadium,India,No,53,71,74.65,Not Out,Not Out,Won,1,1,0,0,1,1
2018,IPL,Indian Premier League,Deccan Chargers,Lucknow Super Giants,MA Chidambaram Stadium,India,No,25,22,113.64,Caught,Out,Won,1,1,0,0,0,1
2018,ODI,International Cricket,India,West Indies,Dubai International Cricket Stadium,UAE,Yes,25,40,62.5,LBW,Out,Lost,1,1,0,0,0,0
2018,ODI,International Cricket,India,Ireland,MA Chidambaram Stadium,India,No,18,20,90.0,Stumped,Out,Won,1,1,0,0,0,1
2018,ODI,International Cricket,India,South Africa,St George's Park,South Africa,Yes,63,69,91.3,Not Out,Not Out,Lost,1,1,0,0,1,0
2018,IPL,Indian Premier League,Deccan Chargers,Rajasthan Royals,Rajiv Gandhi International Stadium,India,No,38,39,97.44,Not Out,Not Out,Lost,1,1,0,0,0,0
2018,ODI,International Cricket,India,Ireland,Basin Reserve,New Zealand,Yes,3,6,50.0,LBW,Out,Won,1,1,0,0,0,1
2018,ODI,International Cricket,India,West Indies,Queen's Park Oval,West Indies,Yes,86,96,89.58,Caught,Out,Won,1,1,0,0,1,1
2018,ODI,International Cricket,India,New Zealand,Wankhede Stadium,India,Yes,25,44,56.82,Bowled,Out,Won,1,1,0,0,0,1
2018,ODI,International Cricket,India,Ireland,Seddon Park,New Zealand,Yes,9,6,150.0,Not Out,Not Out,Won,1,1,0,0,0,1
2018,IPL,Indian Premier League,Mumbai Indians,Royal Challengers Bengaluru,Rajiv Gandhi International Stadium,India,Yes,3,5,60.0,Not Out,Not Out,Lost,1,1,0,0,0,0
2018,ODI,International Cricket,India,Australia,Narendra Modi Stadium,India,Yes,17,23,73.91,Caught,Out,Lost,1,1,0,0,0,0
2018,ODI,International Cricket,India,Zimbabwe,Arun Jaitley Stadium,India,Yes,80,106,75.47,Stumped,Out,Lost,1,1,0,0,1,0
2018,ODI,International Cricket,India,Ireland,Arun Jaitley Stadium,India,Yes,8,14,57.14,Bowled,Out,Lost,1,1,0,0,0,0
2018,T20I,International Cricket,India,Australia,Sher-e-Bangla National Cricket Stadium,Bangladesh,Yes,6,7,85.71,Caught,Out,Lost,1,1,0,0,0,0
2018,ODI,International Cricket,India,Sri Lanka,Basin Reserve,New Zealand,No,29,30,96.67,LBW,Out,Won,1,1,0,0,0,1
2018,T20I,International Cricket,India,Ireland,Narendra Modi Stadium,India,Yes,0,4,0.0,Caught,Out,Won,1,1,0,0,0,1
2018,ODI,International Cricket,India,Afghanistan,Lord's,England,Yes,0,14,0.0,Not Out,Not Out,Lost,1,1,0,0,0,0
2018,ODI,International Cricket,India,Pakistan,Sharjah Cricket Stadium,UAE,No,41,40,102.5,Caught,Out,Won,1,1,0,0,0,1
2018,IPL,Indian Premier League,Deccan Chargers,Punjab Kings,Narendra Modi Stadium,India,No,19,25,76.0,Caught,Out,Won,1,1,0,0,0,1
2018,IPL,Indian Premier League,Mumbai Indians,Gujarat Titans,Wankhede Stadium,India,Yes,33,29,113.79,Caught,Out,Lost,1,1,0,0,0,0
2018,T20I,International Cricket,India,Sri Lanka,Galle International Stadium,Sri Lanka,Yes,33,24,137.5,Bowled,Out,Lost,1,1,0,0,0,0
2018,IPL,Indian Premier League,Deccan Chargers,Sunrisers Hyderabad,M. Chinnaswamy Stadium,India,No,26,15,173.33,Caught,Out,Won,1,1,0,0,0,1
2018,T20I,International Cricket,India,Australia,Sabina Park,West Indies,Yes,18,17,105.88,Bowled,Out,Won,1,1,0,0,0,1
2018,IPL,Indian Premier League,Deccan Chargers,Punjab Kings,Wankhede Stadium,India,No,36,32,112.5,Caught,Out,Lost,1,1,0,0,0,0
2018,ODI,International Cricket,India,Australia,Kingsmead,South Africa,Yes,128,179,71.51,Not Out,Not Out,Won,1,1,1,0,0,1
2018,ODI,International Cricket,India,Pakistan,The Oval,England,Yes,34,34,100.0,Not Out,Not Out,Won,1,1,0,0,0,1
2018,IPL,Indian Premier League,Mumbai Indians,Sunrisers Hyderabad,Eden Gardens,India,Yes,7,4,175.0,Bowled,Out,Won,1,1,0,0,0,1
2018,IPL,Indian Premier League,Mumbai Indians,Rajasthan Royals,Arun Jaitley Stadium,India,Yes,3,14,21.43,Bowled,Out,Lost,1,1,0,0,0,0
2018,IPL,Indian Premier League,Deccan Chargers,Gujarat Titans,Wankhede Stadium,India,No,26,27,96.3,Bowled,Out,Won,1,1,0,0,0,1
2018,Test,International Cricket,India,Ireland,Dubai International Cricket Stadium,UAE,Yes,32,105,30.48,Caught,Out,Won,1,1,0,0,0,1
2018,IPL,Indian Premier League,Mumbai Indians,Punjab Kings,MA Chidambaram Stadium,India,Yes,62,51,121.57,Caught,Out,Won,1,1,0,0,1,1
2018,ODI,International Cricket,India,Bangladesh,Seddon Park,New Zealand,Yes,26,30,86.67,Stumped,Out,Won,1,1,0,0,0,1
2018,IPL,Indian Premier League,Deccan Chargers,Kolkata Knight Riders,Narendra Modi Stadium,India,No,7,12,58.33,Not Out,Not Out,Won,1,1,0,0,0,1
2018,ODI,International Cricket,India,South Africa,The Oval,England,No,9,12,75.0,Not Out,Not Out,Lost,1,1,0,0,0,0
2018,IPL,Indian Premier League,Mumbai Indians,Gujarat Titans,Eden Gardens,India,Yes,64,58,110.34,Not Out,Not Out,Won,1,1,0,0,1,1
2019,IPL,Indian Premier League,Deccan Chargers,Sunrisers Hyderabad,Arun Jaitley Stadium,India,No,68,42,161.9,Caught,Out,Won,1,1,0,0,1,1
2019,IPL,Indian Premier League,Mumbai Indians,Gujarat Titans,MA Chidambaram Stadium,India,Yes,57,69,82.61,Run Out,Out,Won,1,1,0,0,1,1
2019,Test,International Cricket,India,West Indies,Kensington Oval,West Indies,No,30,50,60.0,LBW,Out,Lost,1,1,0,0,0,0
2019,ODI,International Cricket,India,Afghanistan,Galle International Stadium,Sri Lanka,Yes,5,8,62.5,Caught,Out,Won,1,1,0,0,0,1
2019,IPL,Indian Premier League,Deccan Chargers,Kolkata Knight Riders,Rajiv Gandhi International Stadium,India,No,9,4,225.0,Caught,Out,Won,1,1,0,0,0,1
2019,ODI,International Cricket,India,Afghanistan,Kingsmead,South Africa,Yes,115,131,87.79,LBW,Out,Lost,1,1,1,0,0,0
2019,IPL,Indian Premier League,Mumbai Indians,Chennai Super Kings,M. Chinnaswamy Stadium,India,Yes,11,8,137.5,Caught,Out,Won,1,1,0,0,0,1
2019,IPL,Indian Premier League,Deccan Chargers,Delhi Capitals,Rajiv Gandhi International Stadium,India,No,24,29,82.76,LBW,Out,Lost,1,1,0,0,0,0
2019,T20I,International Cricket,India,Afghanistan,Sharjah Cricket Stadium,UAE,Yes,3,12,25.0,Run Out,Out,Lost,1,1,0,0,0,0
2019,IPL,Indian Premier League,Deccan Chargers,Delhi Capitals,Rajiv Gandhi International Stadium,India,No,29,22,131.82,Not Out,Not Out,Lost,1,1,0,0,0,0
2019,ODI,International Cricket,India,England,Narendra Modi Stadium,India,Yes,53,84,63.1,LBW,Out,Lost,1,1,0,0,1,0
2019,ODI,International Cricket,India,Afghanistan,Narendra Modi Stadium,India,Yes,82,79,103.8,Caught,Out,Won,1,1,0,0,1,1
2019,IPL,Indian Premier League,Mumbai Indians,Punjab Kings,Eden Gardens,India,Yes,8,10,80.0,Caught,Out,Won,1,1,0,0,0,1
2019,ODI,International Cricket,India,Pakistan,Arun Jaitley Stadium,India,Yes,54,55,98.18,Caught,Out,Won,1,1,0,0,1,1
2019,IPL,Indian Premier League,Mumbai Indians,Lucknow Super Giants,M. Chinnaswamy Stadium,India,Yes,14,20,70.0,Caught,Out,Won,1,1,0,0,0,1
2019,ODI,International Cricket,India,Australia,Sydney Cricket Ground,Australia,Yes,35,48,72.92,Stumped,Out,Won,1,1,0,0,0,1
2019,ODI,International Cricket,India,New Zealand,Arun Jaitley Stadium,India,Yes,19,20,95.0,Run Out,Out,Won,1,1,0,0,0,1
2019,IPL,Indian Premier League,Mumbai Indians,Royal Challengers Bengaluru,Wankhede Stadium,India,Yes,39,45,86.67,Caught,Out,Lost,1,1,0,0,0,0
2019,ODI,International Cricket,India,Ireland,Kingsmead,South Africa,Yes,19,33,57.58,Caught,Out,Won,1,1,0,0,0,1
2019,IPL,Indian Premier League,Mumbai Indians,Punjab Kings,Eden Gardens,India,Yes,40,41,97.56,Not Out,Not Out,Won,1,1,0,0,0,1
2019,Test,International Cricket,India,Ireland,Queen's Park Oval,West Indies,Yes,16,92,17.39,Caught,Out,Won,1,1,0,0,0,1
2019,ODI,International Cricket,India,New Zealand,Hagley Oval,New Zealand,Yes,141,170,82.94,Bowled,Out,Won,1,1,1,0,0,1
2019,IPL,Indian Premier League,Deccan Chargers,Chennai Super Kings,Arun Jaitley Stadium,India,No,111,90,123.33,Bowled,Out,Won,1,1,1,0,0,1
2019,T20I,International Cricket,India,Australia,Kingsmead,South Africa,Yes,6,5,120.0,Not Out,Not Out,Lost,1,1,0,0,0,0
2019,ODI,International Cricket,India,Pakistan,MA Chidambaram Stadium,India,No,12,18,66.67,Caught,Out,Won,1,1,0,0,0,1
2019,IPL,Indian Premier League,Deccan Chargers,Kolkata Knight Riders,Narendra Modi Stadium,India,No,12,15,80.0,Not Out,Not Out,Won,1,1,0,0,0,1
2019,T20I,International Cricket,India,Zimbabwe,The Oval,England,Yes,32,37,86.49,Caught,Out,Lost,1,1,0,0,0,0
2019,T20I,International Cricket,India,Ireland,Rajiv Gandhi International Stadium,India,No,50,37,135.14,Bowled,Out,Lost,1,1,0,0,1,0
2019,IPL,Indian Premier League,Mumbai Indians,Chennai Super Kings,Eden Gardens,India,Yes,11,14,78.57,Run Out,Out,Won,1,1,0,0,0,1
2019,IPL,Indian Premier League,Deccan Chargers,Rajasthan Royals,Arun Jaitley Stadium,India,No,6,9,66.67,Caught,Out,Won,1,1,0,0,0,1
2019,ODI,International Cricket,India,Ireland,Queen's Park Oval,West Indies,Yes,81,116,69.83,Caught,Out,Won,1,1,0,0,1,1
2019,IPL,Indian Premier League,Deccan Chargers,Royal Challengers Bengaluru,Narendra Modi Stadium,India,No,13,12,108.33,Caught,Out,Won,1,1,0,0,0,1
2019,ODI,International Cricket,India,New Zealand,Old Trafford,England,Yes,46,68,67.65,Caught,Out,Lost,1,1,0,0,0,0
2019,T20I,International Cricket,India,Afghanistan,Kingsmead,South Africa,No,47,35,134.29,Bowled,Out,Lost,1,1,0,0,0,0
2019,ODI,International Cricket,India,England,Pallekele International Stadium,Sri Lanka,No,170,171,99.42,Caught,Out,Won,1,1,1,0,0,1
2019,ODI,International Cricket,India,Australia,M. Chinnaswamy Stadium,India,No,94,138,68.12,Caught,Out,Won,1,1,0,0,1,1
2019,ODI,International Cricket,India,Bangladesh,Narendra Modi Stadium,India,Yes,29,31,93.55,Caught,Out,Lost,1,1,0,0,0,0
2019,ODI,International Cricket,India,Afghanistan,Rajiv Gandhi International Stadium,India,Yes,57,60,95.0,Stumped,Out,Won,1,1,0,0,1,1
2019,ODI,International Cricket,India,Bangladesh,Rajiv Gandhi International Stadium,India,No,26,29,89.66,Caught,Out,Won,1,1,0,0,0,1
2019,IPL,Indian Premier League,Mumbai Indians,Lucknow Super Giants,Narendra Modi Stadium,India,Yes,6,9,66.67,Caught,Out,Lost,1,1,0,0,0,0
2019,Test,International Cricket,India,Afghanistan,Adelaide Oval,Australia,Yes,33,98,33.67,Caught,Out,Won,1,1,0,0,0,1
2019,IPL,Indian Premier League,Mumbai Indians,Rajasthan Royals,M. Chinnaswamy Stadium,India,Yes,38,30,126.67,Caught,Out,Won,1,1,0,0,0,1
2019,IPL,Indian Premier League,Mumbai Indians,Kolkata Knight Riders,Narendra Modi Stadium,India,Yes,35,34,102.94,Caught,Out,Lost,1,1,0,0,0,0
2019,ODI,International Cricket,India,South Africa,Galle International Stadium,Sri Lanka,Yes,41,50,82.0,Caught,Out,Lost,1,1,0,0,0,0
2019,IPL,Indian Premier League,Mumbai Indians,Sunrisers Hyderabad,Arun Jaitley Stadium,India,Yes,20,19,105.26,Bowled,Out,Won,1,1,0,0,0,1
2019,IPL,Indian Premier League,Deccan Chargers,Delhi Capitals,Narendra Modi Stadium,India,No,40,40,100.0,Not Out,Not Out,Lost,1,1,0,0,0,0
2019,ODI,International Cricket,India,Pakistan,Eden Park,New Zealand,Yes,44,58,75.86,Bowled,Out,Won,1,1,0,0,0,1
2019,IPL,Indian Premier League,Deccan Chargers,Gujarat Titans,Narendra Modi Stadium,India,No,0,2,0.0,Caught,Out,Won,1,1,0,0,0,1
2019,IPL,Indian Premier League,Mumbai Indians,Kolkata Knight Riders,Wankhede Stadium,India,Yes,17,17,100.0,Caught,Out,Lost,1,1,0,0,0,0
2019,ODI,International Cricket,India,South Africa,Kensington Oval,West Indies,No,40,51,78.43,Run Out,Out,Lost,1,1,0,0,0,0
2019,ODI,International Cricket,India,Bangladesh,Eden Gardens,India,Yes,188,258,72.87,Caught,Out,Won,1,1,1,0,0,1
2019,IPL,Indian Premier League,Mumbai Indians,Delhi Capitals,Rajiv Gandhi International Stadium,India,Yes,2,13,15.38,Caught,Out,Lost,1,1,0,0,0,0
2019,IPL,Indian Premier League,Deccan Chargers,Punjab Kings,Arun Jaitley Stadium,India,No,5,4,125.0,Not Out,Not Out,Lost,1,1,0,0,0,0
2019,ODI,International Cricket,India,Nepal,Eden Gardens,India,Yes,66,98,67.35,Caught,Out,Lost,1,1,0,0,1,0
2019,ODI,International Cricket,India,Bangladesh,Sydney Cricket Ground,Australia,Yes,33,49,67.35,Stumped,Out,Won,1,1,0,0,0,1
2019,IPL,Indian Premier League,Mumbai Indians,Rajasthan Royals,Rajiv Gandhi International Stadium,India,Yes,16,16,100.0,Caught,Out,Lost,1,1,0,0,0,0
2019,ODI,International Cricket,India,Australia,Pallekele International Stadium,Sri Lanka,No,9,21,42.86,Not Out,Not Out,Won,1,1,0,0,0,1
2019,ODI,International Cricket,India,Pakistan,Melbourne Cricket Ground,Australia,No,59,85,69.41,Run Out,Out,Lost,1,1,0,0,1,0
2019,IPL,Indian Premier League,Deccan Chargers,Rajasthan Royals,Eden Gardens,India,No,41,52,78.85,Caught,Out,Won,1,1,0,0,0,1
2019,ODI,International Cricket,India,England,M. Chinnaswamy Stadium,India,Yes,39,49,79.59,Caught,Out,Won,1,1,0,0,0,1
2019,T20I,International Cricket,India,Nepal,R. Premadasa Stadium,Sri Lanka,Yes,17,11,154.55,Not Out,Not Out,Lost,1,1,0,0,0,0
2019,ODI,International Cricket,India,Nepal,The Oval,England,Yes,10,16,62.5,Caught,Out,Won,1,1,0,0,0,1
2019,Test,International Cricket,India,Bangladesh,Eden Gardens,India,Yes,32,41,78.05,Caught,Out,Lost,1,1,0,0,0,0
2019,Test,International Cricket,India,Australia,Kensington Oval,West Indies,Yes,7,2,350.0,Caught,Out,Won,1,1,0,0,0,1
2019,IPL,Indian Premier League,Deccan Chargers,Sunrisers Hyderabad,M. Chinnaswamy Stadium,India,No,9,1,900.0,Bowled,Out,Won,1,1,0,0,0,1
2019,IPL,Indian Premier League,Mumbai Indians,Chennai Super Kings,M. Chinnaswamy Stadium,India,Yes,24,20,120.0,Caught,Out,Won,1,1,0,0,0,1
2019,IPL,Indian Premier League,Deccan Chargers,Chennai Super Kings,M. Chinnaswamy Stadium,India,No,33,28,117.86,Caught,Out,Won,1,1,0,0,0,1
2019,ODI,International Cricket,India,Bangladesh,Old Trafford,England,Yes,35,42,83.33,Caught,Out,Won,1,1,0,0,0,1
2019,ODI,International Cricket,India,New Zealand,Trent Bridge,England,No,3,13,23.08,Caught,Out,Won,1,1,0,0,0,1
2019,ODI,International Cricket,India,Pakistan,Narendra Modi Stadium,India,No,16,29,55.17,Bowled,Out,Won,1,1,0,0,0,1
2019,T20I,International Cricket,India,Pakistan,Trent Bridge,England,Yes,7,9,77.78,Stumped,Out,Won,1,1,0,0,0,1
2020,ODI,International Cricket,India,West Indies,Pallekele International Stadium,Sri Lanka,Yes,45,66,68.18,Not Out,Not Out,Won,1,1,0,0,0,1
2020,ODI,International Cricket,India,Ireland,Wanderers Stadium,South Africa,Yes,9,11,81.82,Bowled,Out,Won,1,1,0,0,0,1
2020,T20I,International Cricket,India,Pakistan,Dubai International Cricket Stadium,UAE,Yes,89,75,118.67,Caught,Out,Won,1,1,0,0,1,1
2020,ODI,International Cricket,India,Ireland,Eden Gardens,India,No,19,25,76.0,Caught,Out,Won,1,1,0,0,0,1
2020,ODI,International Cricket,India,Bangladesh,Zahur Ahmed Chowdhury Stadium,Bangladesh,Yes,83,69,120.29,Caught,Out,Won,1,1,0,0,1,1
2020,T20I,International Cricket,India,Pakistan,Galle International Stadium,Sri Lanka,Yes,5,12,41.67,Caught,Out,Lost,1,1,0,0,0,0
2020,Test,International Cricket,India,Australia,Seddon Park,New Zealand,Yes,5,2,250.0,Caught,Out,Won,1,1,0,0,0,1
2020,ODI,International Cricket,India,Sri Lanka,Kensington Oval,West Indies,Yes,120,138,86.96,Bowled,Out,Won,1,1,1,0,0,1
2020,ODI,International Cricket,India,Sri Lanka,The Oval,England,Yes,1,13,7.69,Run Out,Out,Won,1,1,0,0,0,1
2020,ODI,International Cricket,India,Afghanistan,Dubai International Cricket Stadium,UAE,No,37,52,71.15,Bowled,Out,Lost,1,1,0,0,0,0
2020,Test,International Cricket,India,Nepal,M. Chinnaswamy Stadium,India,No,55,63,87.3,Caught,Out,Won,1,1,0,0,1,1
2020,ODI,International Cricket,India,West Indies,MA Chidambaram Stadium,India,No,59,68,86.76,Caught,Out,Won,1,1,0,0,1,1
2020,IPL,Indian Premier League,Mumbai Indians,Kolkata Knight Riders,Rajiv Gandhi International Stadium,India,Yes,66,70,94.29,Caught,Out,Lost,1,1,0,0,1,0
2020,ODI,International Cricket,India,Sri Lanka,Lord's,England,Yes,0,13,0.0,LBW,Out,Lost,1,1,0,0,0,0
2020,IPL,Indian Premier League,Mumbai Indians,Kolkata Knight Riders,Wankhede Stadium,India,Yes,58,47,123.4,Caught,Out,Won,1,1,0,0,1,1
2020,ODI,International Cricket,India,Ireland,Seddon Park,New Zealand,Yes,29,33,87.88,Caught,Out,Lost,1,1,0,0,0,0
2020,ODI,International Cricket,India,South Africa,R. Premadasa Stadium,Sri Lanka,Yes,1,5,20.0,Caught,Out,Won,1,1,0,0,0,1
2020,IPL,Indian Premier League,Mumbai Indians,Chennai Super Kings,Rajiv Gandhi International Stadium,India,Yes,13,18,72.22,Bowled,Out,Lost,1,1,0,0,0,0
2020,IPL,Indian Premier League,Deccan Chargers,Punjab Kings,Narendra Modi Stadium,India,No,4,3,133.33,Bowled,Out,Lost,1,1,0,0,0,0
2020,ODI,International Cricket,India,Pakistan,Wankhede Stadium,India,No,13,13,100.0,Caught,Out,Won,1,1,0,0,0,1
2020,ODI,International Cricket,India,New Zealand,Trent Bridge,England,Yes,46,72,63.89,LBW,Out,Won,1,1,0,0,0,1
2020,T20I,International Cricket,India,Bangladesh,Kensington Oval,West Indies,Yes,79,50,158.0,Caught,Out,Won,1,1,0,0,1,1
2020,IPL,Indian Premier League,Deccan Chargers,Sunrisers Hyderabad,MA Chidambaram Stadium,India,No,30,18,166.67,Bowled,Out,Won,1,1,0,0,0,1
2020,IPL,Indian Premier League,Mumbai Indians,Sunrisers Hyderabad,Arun Jaitley Stadium,India,Yes,41,27,151.85,Caught,Out,Lost,1,1,0,0,0,0
2020,ODI,International Cricket,India,Zimbabwe,Arun Jaitley Stadium,India,Yes,30,42,71.43,Caught,Out,Lost,1,1,0,0,0,0
2020,ODI,International Cricket,India,Ireland,Trent Bridge,England,Yes,34,49,69.39,Stumped,Out,Lost,1,1,0,0,0,0
2020,ODI,International Cricket,India,Australia,Dubai International Cricket Stadium,UAE,Yes,43,60,71.67,Run Out,Out,Won,1,1,0,0,0,1
2020,IPL,Indian Premier League,Mumbai Indians,Delhi Capitals,Eden Gardens,India,Yes,5,5,100.0,Not Out,Not Out,Lost,1,1,0,0,0,0
2020,IPL,Indian Premier League,Deccan Chargers,Gujarat Titans,Rajiv Gandhi International Stadium,India,No,34,26,130.77,Not Out,Not Out,Won,1,1,0,0,0,1
2020,Test,International Cricket,India,Ireland,R. Premadasa Stadium,Sri Lanka,Yes,81,82,98.78,Run Out,Out,Won,1,1,0,0,1,1
2020,IPL,Indian Premier League,Mumbai Indians,Lucknow Super Giants,Eden Gardens,India,Yes,50,42,119.05,Caught,Out,Lost,1,1,0,0,1,0
2020,ODI,International Cricket,India,Australia,Narendra Modi Stadium,India,Yes,5,13,38.46,LBW,Out,Won,1,1,0,0,0,1
2020,IPL,Indian Premier League,Mumbai Indians,Lucknow Super Giants,Wankhede Stadium,India,Yes,16,20,80.0,Bowled,Out,Won,1,1,0,0,0,1
2020,ODI,International Cricket,India,Sri Lanka,St George's Park,South Africa,Yes,30,48,62.5,Caught,Out,Lost,1,1,0,0,0,0
2020,ODI,International Cricket,India,West Indies,Basin Reserve,New Zealand,No,7,12,58.33,Caught,Out,Lost,1,1,0,0,0,0
2020,IPL,Indian Premier League,Mumbai Indians,Lucknow Super Giants,Eden Gardens,India,Yes,74,61,121.31,LBW,Out,Lost,1,1,0,0,1,0
2020,ODI,International Cricket,India,Ireland,Kensington Oval,West Indies,Yes,37,33,112.12,Stumped,Out,Lost,1,1,0,0,0,0
2020,IPL,Indian Premier League,Mumbai Indians,Gujarat Titans,MA Chidambaram Stadium,India,Yes,26,31,83.87,LBW,Out,Won,1,1,0,0,0,1
2020,ODI,International Cricket,India,Sri Lanka,M. Chinnaswamy Stadium,India,Yes,87,124,70.16,Not Out,Not Out,Won,1,1,0,0,1,1
2020,ODI,International Cricket,India,England,Arun Jaitley Stadium,India,Yes,34,45,75.56,Caught,Out,Lost,1,1,0,0,0,0
2020,ODI,International Cricket,India,England,Sheikh Zayed Stadium,UAE,Yes,62,98,63.27,Run Out,Out,Won,1,1,0,0,1,1
2020,IPL,Indian Premier League,Deccan Chargers,Kolkata Knight Riders,MA Chidambaram Stadium,India,No,6,10,60.0,Not Out,Not Out,Won,1,1,0,0,0,1
2020,ODI,International Cricket,India,Afghanistan,Hagley Oval,New Zealand,Yes,42,58,72.41,LBW,Out,Won,1,1,0,0,0,1
2020,IPL,Indian Premier League,Deccan Chargers,Delhi Capitals,Narendra Modi Stadium,India,No,26,30,86.67,Caught,Out,Won,1,1,0,0,0,1
2020,IPL,Indian Premier League,Mumbai Indians,Gujarat Titans,Arun Jaitley Stadium,India,Yes,13,18,72.22,Caught,Out,Lost,1,1,0,0,0,0
2020,ODI,International Cricket,India,England,Newlands,South Africa,Yes,35,48,72.92,Caught,Out,Won,1,1,0,0,0,1
2020,IPL,Indian Premier League,Mumbai Indians,Lucknow Super Giants,MA Chidambaram Stadium,India,Yes,45,53,84.91,Run Out,Out,Won,1,1,0,0,0,1
2020,ODI,International Cricket,India,Pakistan,Hagley Oval,New Zealand,Yes,9,15,60.0,LBW,Out,Won,1,1,0,0,0,1
2020,IPL,Indian Premier League,Mumbai Indians,Rajasthan Royals,Eden Gardens,India,Yes,13,13,100.0,Run Out,Out,Won,1,1,0,0,0,1
2020,ODI,International Cricket,India,West Indies,Wankhede Stadium,India,Yes,43,45,95.56,Stumped,Out,Won,1,1,0,0,0,1
2020,ODI,International Cricket,India,Nepal,Basin Reserve,New Zealand,Yes,6,7,85.71,Not Out,Not Out,Lost,1,1,0,0,0,0
2020,ODI,International Cricket,India,Sri Lanka,Eden Gardens,India,Yes,54,67,80.6,Caught,Out,Lost,1,1,0,0,1,0
2020,IPL,Indian Premier League,Deccan Chargers,Chennai Super Kings,Eden Gardens,India,No,10,9,111.11,Caught,Out,Won,1,1,0,0,0,1
2020,T20I,International Cricket,India,England,Hagley Oval,New Zealand,Yes,54,64,84.38,Caught,Out,Won,1,1,0,0,1,1
2020,IPL,Indian Premier League,Deccan Chargers,Chennai Super Kings,Rajiv Gandhi International Stadium,India,No,1,13,7.69,Run Out,Out,Lost,1,1,0,0,0,0
2020,IPL,Indian Premier League,Mumbai Indians,Royal Challengers Bengaluru,Rajiv Gandhi International Stadium,India,Yes,6,9,66.67,Caught,Out,Won,1,1,0,0,0,1
2020,IPL,Indian Premier League,Deccan Chargers,Punjab Kings,Narendra Modi Stadium,India,No,11,11,100.0,Bowled,Out,Lost,1,1,0,0,0,0
2020,IPL,Indian Premier League,Mumbai Indians,Royal Challengers Bengaluru,Wankhede Stadium,India,Yes,55,57,96.49,Caught,Out,Won,1,1,0,0,1,1
2020,IPL,Indian Premier League,Deccan Chargers,Royal Challengers Bengaluru,M. Chinnaswamy Stadium,India,No,42,32,131.25,Bowled,Out,Lost,1,1,0,0,0,0
2020,ODI,International Cricket,India,Nepal,Wanderers Stadium,South Africa,No,66,97,68.04,Caught,Out,Lost,1,1,0,0,1,0
2020,IPL,Indian Premier League,Deccan Chargers,Gujarat Titans,M. Chinnaswamy Stadium,India,No,34,33,103.03,LBW,Out,Lost,1,1,0,0,0,0
2020,T20I,International Cricket,India,Australia,Narendra Modi Stadium,India,Yes,30,40,75.0,Bowled,Out,Won,1,1,0,0,0,1
2020,IPL,Indian Premier League,Mumbai Indians,Chennai Super Kings,Rajiv Gandhi International Stadium,India,Yes,16,19,84.21,Bowled,Out,Won,1,1,0,0,0,1
2020,IPL,Indian Premier League,Mumbai Indians,Chennai Super Kings,Wankhede Stadium,India,Yes,47,38,123.68,Run Out,Out,Lost,1,1,0,0,0,0
2020,IPL,Indian Premier League,Deccan Chargers,Punjab Kings,Eden Gardens,India,No,27,31,87.1,Not Out,Not Out,Won,1,1,0,0,0,1
2020,IPL,Indian Premier League,Deccan Chargers,Punjab Kings,Narendra Modi Stadium,India,No,33,20,165.0,Caught,Out,Won,1,1,0,0,0,1
2020,ODI,International Cricket,India,Sri Lanka,The Oval,England,No,6,9,66.67,Bowled,Out,Won,1,1,0,0,0,1
2020,ODI,International Cricket,India,Pakistan,Newlands,South Africa,Yes,14,20,70.0,Caught,Out,Lost,1,1,0,0,0,0
2020,Test,International Cricket,India,Afghanistan,The Oval,England,Yes,81,105,77.14,Caught,Out,Lost,1,1,0,0,1,0
2020,ODI,International Cricket,India,Nepal,Narendra Modi Stadium,India,No,74,97,76.29,Run Out,Out,Lost,1,1,0,0,1,0
2020,IPL,Indian Premier League,Deccan Chargers,Lucknow Super Giants,Arun Jaitley Stadium,India,No,24,26,92.31,Bowled,Out,Won,1,1,0,0,0,1
2020,ODI,International Cricket,India,Afghanistan,Trent Bridge,England,Yes,9,11,81.82,Bowled,Out,Won,1,1,0,0,0,1
2020,ODI,International Cricket,India,Sri Lanka,Basin Reserve,New Zealand,Yes,0,6,0.0,Caught,Out,Lost,1,1,0,0,0,0
2020,ODI,International Cricket,India,Zimbabwe,Eden Park,New Zealand,Yes,89,132,67.42,Caught,Out,Lost,1,1,0,0,1,0
2020,IPL,Indian Premier League,Deccan Chargers,Kolkata Knight Riders,Eden Gardens,India,No,30,33,90.91,Caught,Out,Lost,1,1,0,0,0,0
2020,T20I,International Cricket,India,Ireland,MA Chidambaram Stadium,India,No,25,18,138.89,Caught,Out,Lost,1,1,0,0,0,0
2020,T20I,International Cricket,India,Pakistan,Eden Gardens,India,Yes,0,9,0.0,Bowled,Out,Lost,1,1,0,0,0,0
2020,IPL,Indian Premier League,Deccan Chargers,Kolkata Knight Riders,Eden Gardens,India,No,24,31,77.42,Caught,Out,Lost,1,1,0,0,0,0
2021,Test,International Cricket,India,England,Queen's Park Oval,West Indies,No,4,8,50.0,Not Out,Not Out,Lost,1,1,0,0,0,0
2021,ODI,International Cricket,India,Bangladesh,MA Chidambaram Stadium,India,Yes,40,57,70.18,Caught,Out,Won,1,1,0,0,0,1
2021,T20I,International Cricket,India,Ireland,MA Chidambaram Stadium,India,No,39,43,90.7,Caught,Out,Won,1,1,0,0,0,1
2021,Test,International Cricket,India,Zimbabwe,MA Chidambaram Stadium,India,No,22,93,23.66,Not Out,Not Out,Won,1,1,0,0,0,1
2021,IPL,Indian Premier League,Mumbai Indians,Lucknow Super Giants,Narendra Modi Stadium,India,Yes,21,19,110.53,Bowled,Out,Lost,1,1,0,0,0,0
2021,IPL,Indian Premier League,Mumbai Indians,Kolkata Knight Riders,Wankhede Stadium,India,Yes,34,41,82.93,Caught,Out,Lost,1,1,0,0,0,0
2021,ODI,International Cricket,India,Ireland,Arun Jaitley Stadium,India,No,100,85,117.65,Bowled,Out,Lost,1,1,1,0,0,0
2021,ODI,International Cricket,India,Sri Lanka,Seddon Park,New Zealand,No,13,19,68.42,Caught,Out,Won,1,1,0,0,0,1
2021,IPL,Indian Premier League,Mumbai Indians,Lucknow Super Giants,Rajiv Gandhi International Stadium,India,Yes,24,20,120.0,Caught,Out,Won,1,1,0,0,0,1
2021,IPL,Indian Premier League,Mumbai Indians,Sunrisers Hyderabad,MA Chidambaram Stadium,India,Yes,73,71,102.82,Caught,Out,Lost,1,1,0,0,1,0
2021,Test,International Cricket,India,Australia,R. Premadasa Stadium,Sri Lanka,Yes,47,78,60.26,Caught,Out,Won,1,1,0,0,0,1
2021,ODI,International Cricket,India,Pakistan,The Oval,England,Yes,25,24,104.17,Caught,Out,Lost,1,1,0,0,0,0
2021,ODI,International Cricket,India,New Zealand,Kensington Oval,West Indies,No,74,61,121.31,Caught,Out,Lost,1,1,0,0,1,0
2021,IPL,Indian Premier League,Mumbai Indians,Gujarat Titans,Wankhede Stadium,India,Yes,16,13,123.08,Not Out,Not Out,Won,1,1,0,0,0,1
2021,ODI,International Cricket,India,Sri Lanka,Arun Jaitley Stadium,India,Yes,45,57,78.95,Caught,Out,Lost,1,1,0,0,0,0
2021,ODI,International Cricket,India,Pakistan,Old Trafford,England,Yes,93,85,109.41,Caught,Out,Lost,1,1,0,0,1,0
2021,ODI,International Cricket,India,Pakistan,Eden Gardens,India,Yes,5,7,71.43,Bowled,Out,Lost,1,1,0,0,0,0
2021,Test,International Cricket,India,Bangladesh,Narendra Modi Stadium,India,Yes,45,103,43.69,Caught,Out,Lost,1,1,0,0,0,0
2021,IPL,Indian Premier League,Mumbai Indians,Kolkata Knight Riders,Eden Gardens,India,Yes,32,32,100.0,Caught,Out,Lost,1,1,0,0,0,0
2021,ODI,International Cricket,India,Zimbabwe,The Oval,England,Yes,1,5,20.0,Caught,Out,Won,1,1,0,0,0,1
2021,IPL,Indian Premier League,Mumbai Indians,Royal Challengers Bengaluru,Narendra Modi Stadium,India,Yes,10,10,100.0,Caught,Out,Lost,1,1,0,0,0,0
2021,T20I,International Cricket,India,Australia,Sher-e-Bangla National Cricket Stadium,Bangladesh,Yes,28,21,133.33,Bowled,Out,Won,1,1,0,0,0,1
2021,ODI,International Cricket,India,Australia,Sydney Cricket Ground,Australia,Yes,43,55,78.18,LBW,Out,Won,1,1,0,0,0,1
2021,IPL,Indian Premier League,Mumbai Indians,Chennai Super Kings,Arun Jaitley Stadium,India,Yes,13,16,81.25,Not Out,Not Out,Won,1,1,0,0,0,1
2021,ODI,International Cricket,India,Sri Lanka,Wanderers Stadium,South Africa,Yes,48,42,114.29,Caught,Out,Lost,1,1,0,0,0,0
2021,ODI,International Cricket,India,Pakistan,The Oval,England,No,59,74,79.73,Not Out,Not Out,Won,1,1,0,0,1,1
2021,IPL,Indian Premier League,Mumbai Indians,Royal Challengers Bengaluru,Arun Jaitley Stadium,India,Yes,31,20,155.0,Bowled,Out,Lost,1,1,0,0,0,0
2021,IPL,Indian Premier League,Deccan Chargers,Lucknow Super Giants,Arun Jaitley Stadium,India,No,9,6,150.0,Caught,Out,Lost,1,1,0,0,0,0
2021,T20I,International Cricket,India,Sri Lanka,Narendra Modi Stadium,India,No,18,14,128.57,LBW,Out,Won,1,1,0,0,0,1
2021,IPL,Indian Premier League,Mumbai Indians,Kolkata Knight Riders,Narendra Modi Stadium,India,Yes,14,14,100.0,Caught,Out,Lost,1,1,0,0,0,0
2021,T20I,International Cricket,India,Bangladesh,Adelaide Oval,Australia,No,3,2,150.0,LBW,Out,Won,1,1,0,0,0,1
2021,ODI,International Cricket,India,Ireland,The Gabba,Australia,Yes,3,12,25.0,LBW,Out,Won,1,1,0,0,0,1
2021,ODI,International Cricket,India,Zimbabwe,Sydney Cricket Ground,Australia,Yes,45,51,88.24,LBW,Out,Lost,1,1,0,0,0,0
2021,ODI,International Cricket,India,Afghanistan,St George's Park,South Africa,Yes,16,29,55.17,Caught,Out,Won,1,1,0,0,0,1
2021,ODI,International Cricket,India,Nepal,Edgbaston,England,Yes,17,19,89.47,Caught,Out,Won,1,1,0,0,0,1
2021,IPL,Indian Premier League,Mumbai Indians,Rajasthan Royals,MA Chidambaram Stadium,India,Yes,23,27,85.19,Caught,Out,Won,1,1,0,0,0,1
2021,ODI,International Cricket,India,Sri Lanka,Melbourne Cricket Ground,Australia,No,111,110,100.91,Not Out,Not Out,Lost,1,1,1,0,0,0
2021,ODI,International Cricket,India,Afghanistan,Kingsmead,South Africa,Yes,22,37,59.46,Bowled,Out,Lost,1,1,0,0,0,0
2021,IPL,Indian Premier League,Deccan Chargers,Punjab Kings,Wankhede Stadium,India,No,12,13,92.31,Not Out,Not Out,Won,1,1,0,0,0,1
2021,Test,International Cricket,India,West Indies,Wankhede Stadium,India,No,52,117,44.44,Caught,Out,Lost,1,1,0,0,1,0
2021,ODI,International Cricket,India,Zimbabwe,Trent Bridge,England,Yes,0,5,0.0,Caught,Out,Won,1,1,0,0,0,1
2021,Test,International Cricket,India,Nepal,Lord's,England,Yes,41,111,36.94,Bowled,Out,Won,1,1,0,0,0,1
2021,ODI,International Cricket,India,Australia,Wankhede Stadium,India,Yes,3,12,25.0,Caught,Out,Won,1,1,0,0,0,1
2021,IPL,Indian Premier League,Mumbai Indians,Chennai Super Kings,Arun Jaitley Stadium,India,Yes,50,58,86.21,LBW,Out,Won,1,1,0,0,1,1
2021,T20I,International Cricket,India,Sri Lanka,Seddon Park,New Zealand,Yes,20,19,105.26,Not Out,Not Out,Lost,1,1,0,0,0,0
2021,IPL,Indian Premier League,Deccan Chargers,Lucknow Super Giants,Rajiv Gandhi International Stadium,India,No,0,8,0.0,Caught,Out,Won,1,1,0,0,0,1
2021,ODI,International Cricket,India,West Indies,Edgbaston,England,No,76,121,62.81,Caught,Out,Won,1,1,0,0,1,1
2021,ODI,International Cricket,India,West Indies,M. Chinnaswamy Stadium,India,Yes,1,3,33.33,Caught,Out,Won,1,1,0,0,0,1
2021,IPL,Indian Premier League,Mumbai Indians,Punjab Kings,MA Chidambaram Stadium,India,Yes,14,13,107.69,Run Out,Out,Won,1,1,0,0,0,1
2021,ODI,International Cricket,India,Ireland,Eden Gardens,India,Yes,33,49,67.35,Bowled,Out,Won,1,1,0,0,0,1
2021,IPL,Indian Premier League,Mumbai Indians,Delhi Capitals,Wankhede Stadium,India,Yes,10,17,58.82,Bowled,Out,Won,1,1,0,0,0,1
2021,IPL,Indian Premier League,Mumbai Indians,Lucknow Super Giants,Arun Jaitley Stadium,India,Yes,45,48,93.75,Caught,Out,Won,1,1,0,0,0,1
2021,ODI,International Cricket,India,Sri Lanka,M. Chinnaswamy Stadium,India,Yes,9,4,225.0,Caught,Out,Lost,1,1,0,0,0,0
2021,ODI,International Cricket,India,Nepal,Wanderers Stadium,South Africa,Yes,55,85,64.71,Bowled,Out,Won,1,1,0,0,1,1
2021,IPL,Indian Premier League,Deccan Chargers,Gujarat Titans,Wankhede Stadium,India,No,9,12,75.0,Not Out,Not Out,Won,1,1,0,0,0,1
2021,Test,International Cricket,India,Nepal,The Oval,England,Yes,85,143,59.44,LBW,Out,Won,1,1,0,0,1,1
2021,T20I,International Cricket,India,Pakistan,Sher-e-Bangla National Cricket Stadium,Bangladesh,Yes,65,43,151.16,Not Out,Not Out,Won,1,1,0,0,1,1
2021,ODI,International Cricket,India,Sri Lanka,Eden Park,New Zealand,No,47,72,65.28,Not Out,Not Out,Won,1,1,0,0,0,1
2021,IPL,Indian Premier League,Mumbai Indians,Lucknow Super Giants,Wankhede Stadium,India,Yes,27,28,96.43,Not Out,Not Out,Won,1,1,0,0,0,1
2021,ODI,International Cricket,India,Nepal,Hagley Oval,New Zealand,No,113,179,63.13,Run Out,Out,Won,1,1,1,0,0,1
2021,IPL,Indian Premier League,Deccan Chargers,Delhi Capitals,MA Chidambaram Stadium,India,No,19,23,82.61,Run Out,Out,Lost,1,1,0,0,0,0
2021,ODI,International Cricket,India,South Africa,Sharjah Cricket Stadium,UAE,No,49,77,63.64,Caught,Out,Won,1,1,0,0,0,1
2021,IPL,Indian Premier League,Mumbai Indians,Chennai Super Kings,Arun Jaitley Stadium,India,Yes,78,85,91.76,Caught,Out,Lost,1,1,0,0,1,0
2021,IPL,Indian Premier League,Mumbai Indians,Punjab Kings,Arun Jaitley Stadium,India,Yes,1,2,50.0,Bowled,Out,Won,1,1,0,0,0,1
2021,IPL,Indian Premier League,Deccan Chargers,Punjab Kings,Arun Jaitley Stadium,India,No,56,57,98.25,Run Out,Out,Won,1,1,0,0,1,1
2021,ODI,International Cricket,India,Nepal,Kingsmead,South Africa,Yes,48,62,77.42,Caught,Out,Won,1,1,0,0,0,1
2021,ODI,International Cricket,India,New Zealand,St George's Park,South Africa,No,2,2,100.0,LBW,Out,Won,1,1,0,0,0,1
2022,T20I,International Cricket,India,Bangladesh,Eden Gardens,India,Yes,17,11,154.55,Run Out,Out,Won,1,1,0,0,0,1
2022,ODI,International Cricket,India,New Zealand,Seddon Park,New Zealand,No,128,158,81.01,Caught,Out,Won,1,1,1,0,0,1
2022,ODI,International Cricket,India,Afghanistan,The Gabba,Australia,No,4,10,40.0,Caught,Out,Lost,1,1,0,0,0,0
2022,ODI,International Cricket,India,Ireland,Narendra Modi Stadium,India,Yes,38,62,61.29,Caught,Out,Lost,1,1,0,0,0,0
2022,Test,International Cricket,India,England,M. Chinnaswamy Stadium,India,No,41,52,78.85,Bowled,Out,Won,1,1,0,0,0,1
2022,IPL,Indian Premier League,Deccan Chargers,Punjab Kings,M. Chinnaswamy Stadium,India,No,47,45,104.44,Run Out,Out,Won,1,1,0,0,0,1
2022,T20I,International Cricket,India,Ireland,Wanderers Stadium,South Africa,Yes,67,75,89.33,Caught,Out,Won,1,1,0,0,1,1
2022,ODI,International Cricket,India,Bangladesh,Kingsmead,South Africa,Yes,37,38,97.37,Caught,Out,Won,1,1,0,0,0,1
2022,IPL,Indian Premier League,Deccan Chargers,Kolkata Knight Riders,M. Chinnaswamy Stadium,India,No,37,38,97.37,Caught,Out,Won,1,1,0,0,0,1
2022,IPL,Indian Premier League,Mumbai Indians,Rajasthan Royals,Rajiv Gandhi International Stadium,India,Yes,16,18,88.89,Not Out,Not Out,Won,1,1,0,0,0,1
2022,T20I,International Cricket,India,West Indies,Arun Jaitley Stadium,India,Yes,26,19,136.84,Caught,Out,Won,1,1,0,0,0,1
2022,ODI,International Cricket,India,South Africa,M. Chinnaswamy Stadium,India,No,25,36,69.44,Caught,Out,Lost,1,1,0,0,0,0
2022,T20I,International Cricket,India,Australia,Melbourne Cricket Ground,Australia,No,16,15,106.67,Caught,Out,Won,1,1,0,0,0,1
2022,IPL,Indian Premier League,Deccan Chargers,Rajasthan Royals,Rajiv Gandhi International Stadium,India,No,25,15,166.67,Caught,Out,Lost,1,1,0,0,0,0
2022,ODI,International Cricket,India,Nepal,Sydney Cricket Ground,Australia,No,34,40,85.0,Caught,Out,Won,1,1,0,0,0,1
2022,ODI,International Cricket,India,New Zealand,Narendra Modi Stadium,India,No,5,5,100.0,Caught,Out,Won,1,1,0,0,0,1
2022,ODI,International Cricket,India,Australia,Eden Park,New Zealand,Yes,4,14,28.57,Caught,Out,Won,1,1,0,0,0,1
2022,Test,International Cricket,India,Zimbabwe,M. Chinnaswamy Stadium,India,Yes,11,73,15.07,Caught,Out,Won,1,1,0,0,0,1
2022,Test,International Cricket,India,Zimbabwe,Old Trafford,England,No,94,96,97.92,Bowled,Out,Lost,1,1,0,0,1,0
2022,Test,International Cricket,India,Zimbabwe,Rajiv Gandhi International Stadium,India,Yes,43,71,60.56,LBW,Out,Won,1,1,0,0,0,1
2022,Test,International Cricket,India,England,Wanderers Stadium,South Africa,No,21,95,22.11,Caught,Out,Lost,1,1,0,0,0,0
2022,ODI,International Cricket,India,South Africa,Sharjah Cricket Stadium,UAE,Yes,9,2,450.0,LBW,Out,Lost,1,1,0,0,0,0
2022,IPL,Indian Premier League,Deccan Chargers,Chennai Super Kings,Eden Gardens,India,No,19,12,158.33,Not Out,Not Out,Won,1,1,0,0,0,1
2022,IPL,Indian Premier League,Mumbai Indians,Delhi Capitals,Rajiv Gandhi International Stadium,India,Yes,44,36,122.22,Caught,Out,Lost,1,1,0,0,0,0
2022,IPL,Indian Premier League,Mumbai Indians,Sunrisers Hyderabad,Rajiv Gandhi International Stadium,India,Yes,42,28,150.0,Bowled,Out,Won,1,1,0,0,0,1
2022,ODI,International Cricket,India,Afghanistan,Arun Jaitley Stadium,India,Yes,32,41,78.05,Caught,Out,Won,1,1,0,0,0,1
2022,ODI,International Cricket,India,England,Dubai International Cricket Stadium,UAE,Yes,4,14,28.57,LBW,Out,Lost,1,1,0,0,0,0
2022,IPL,Indian Premier League,Mumbai Indians,Lucknow Super Giants,Eden Gardens,India,Yes,16,14,114.29,Caught,Out,Won,1,1,0,0,0,1
2022,ODI,International Cricket,India,England,Wankhede Stadium,India,Yes,5,8,62.5,Caught,Out,Lost,1,1,0,0,0,0
2022,IPL,Indian Premier League,Deccan Chargers,Punjab Kings,MA Chidambaram Stadium,India,No,3,10,30.0,Caught,Out,Won,1,1,0,0,0,1
2022,T20I,International Cricket,India,Australia,Basin Reserve,New Zealand,Yes,11,12,91.67,Run Out,Out,Lost,1,1,0,0,0,0
2022,ODI,International Cricket,India,Nepal,Sydney Cricket Ground,Australia,Yes,28,28,100.0,Caught,Out,Won,1,1,0,0,0,1
2022,ODI,International Cricket,India,Ireland,R. Premadasa Stadium,Sri Lanka,Yes,2,9,22.22,Caught,Out,Lost,1,1,0,0,0,0
2022,ODI,International Cricket,India,Australia,Hagley Oval,New Zealand,No,29,50,58.0,Run Out,Out,Lost,1,1,0,0,0,0
2022,ODI,International Cricket,India,England,Lord's,England,Yes,26,43,60.47,Caught,Out,Won,1,1,0,0,0,1
2022,ODI,International Cricket,India,Australia,Adelaide Oval,Australia,Yes,50,72,69.44,Caught,Out,Won,1,1,0,0,1,1
2022,ODI,International Cricket,India,Pakistan,Basin Reserve,New Zealand,Yes,30,53,56.6,Run Out,Out,Won,1,1,0,0,0,1
2022,IPL,Indian Premier League,Mumbai Indians,Rajasthan Royals,Rajiv Gandhi International Stadium,India,Yes,24,28,85.71,Caught,Out,Won,1,1,0,0,0,1
2022,ODI,International Cricket,India,Zimbabwe,Edgbaston,England,No,76,109,69.72,Caught,Out,Lost,1,1,0,0,1,0
2022,ODI,International Cricket,India,Nepal,Hagley Oval,New Zealand,Yes,5,12,41.67,Caught,Out,Won,1,1,0,0,0,1
2022,IPL,Indian Premier League,Mumbai Indians,Delhi Capitals,Narendra Modi Stadium,India,Yes,58,44,131.82,Not Out,Not Out,Lost,1,1,0,0,1,0
2022,T20I,International Cricket,India,Afghanistan,MA Chidambaram Stadium,India,Yes,3,8,37.5,Not Out,Not Out,Lost,1,1,0,0,0,0
2022,ODI,International Cricket,India,Pakistan,Trent Bridge,England,Yes,76,92,82.61,Not Out,Not Out,Won,1,1,0,0,1,1
2022,IPL,Indian Premier League,Deccan Chargers,Lucknow Super Giants,MA Chidambaram Stadium,India,No,9,14,64.29,Run Out,Out,Won,1,1,0,0,0,1
2022,ODI,International Cricket,India,Sri Lanka,Old Trafford,England,Yes,20,25,80.0,Caught,Out,Won,1,1,0,0,0,1
2022,ODI,International Cricket,India,Australia,St George's Park,South Africa,Yes,54,83,65.06,Run Out,Out,Lost,1,1,0,0,1,0
2022,ODI,International Cricket,India,Sri Lanka,R. Premadasa Stadium,Sri Lanka,No,63,60,105.0,LBW,Out,Won,1,1,0,0,1,1
2022,ODI,International Cricket,India,Bangladesh,Newlands,South Africa,No,105,106,99.06,Caught,Out,Lost,1,1,1,0,0,0
2022,Test,International Cricket,India,West Indies,The Gabba,Australia,Yes,2,41,4.88,Run Out,Out,Won,1,1,0,0,0,1
2022,ODI,International Cricket,India,Bangladesh,M. Chinnaswamy Stadium,India,Yes,48,70,68.57,Not Out,Not Out,Won,1,1,0,0,0,1
2022,ODI,International Cricket,India,Ireland,Adelaide Oval,Australia,Yes,2,12,16.67,Caught,Out,Lost,1,1,0,0,0,0
2022,IPL,Indian Premier League,Deccan Chargers,Punjab Kings,Arun Jaitley Stadium,India,No,51,51,100.0,Run Out,Out,Won,1,1,0,0,1,1
2022,ODI,International Cricket,India,South Africa,Old Trafford,England,No,62,70,88.57,Bowled,Out,Won,1,1,0,0,1,1
2022,IPL,Indian Premier League,Mumbai Indians,Punjab Kings,Narendra Modi Stadium,India,Yes,1,3,33.33,Run Out,Out,Lost,1,1,0,0,0,0
2022,IPL,Indian Premier League,Deccan Chargers,Royal Challengers Bengaluru,MA Chidambaram Stadium,India,No,42,47,89.36,Bowled,Out,Lost,1,1,0,0,0,0
2022,T20I,International Cricket,India,Nepal,Zahur Ahmed Chowdhury Stadium,Bangladesh,Yes,41,36,113.89,Not Out,Not Out,Lost,1,1,0,0,0,0
2022,ODI,International Cricket,India,South Africa,Sharjah Cricket Stadium,UAE,No,54,79,68.35,Not Out,Not Out,Lost,1,1,0,0,1,0
2022,ODI,International Cricket,India,New Zealand,Newlands,South Africa,Yes,20,28,71.43,LBW,Out,Won,1,1,0,0,0,1
2022,Test,International Cricket,India,New Zealand,Wankhede Stadium,India,Yes,60,112,53.57,LBW,Out,Lost,1,1,0,0,1,0
2023,ODI,International Cricket,India,Nepal,MA Chidambaram Stadium,India,Yes,149,117,127.35,Caught,Out,Lost,1,1,1,0,0,0
2023,ODI,International Cricket,India,Pakistan,R. Premadasa Stadium,Sri Lanka,No,7,9,77.78,Caught,Out,Lost,1,1,0,0,0,0
2023,IPL,Indian Premier League,Deccan Chargers,Kolkata Knight Riders,Rajiv Gandhi International Stadium,India,No,15,16,93.75,Run Out,Out,Won,1,1,0,0,0,1
2023,Test,International Cricket,India,South Africa,Kingsmead,South Africa,Yes,7,73,9.59,Bowled,Out,Won,1,1,0,0,0,1
2023,ODI,International Cricket,India,Sri Lanka,The Gabba,Australia,Yes,80,92,86.96,Stumped,Out,Won,1,1,0,0,1,1
2023,ODI,International Cricket,India,Afghanistan,Zahur Ahmed Chowdhury Stadium,Bangladesh,Yes,10,13,76.92,Caught,Out,Lost,1,1,0,0,0,0
2023,ODI,International Cricket,India,England,Queen's Park Oval,West Indies,Yes,6,12,50.0,Not Out,Not Out,Lost,1,1,0,0,0,0
2023,ODI,International Cricket,India,Afghanistan,M. Chinnaswamy Stadium,India,Yes,75,88,85.23,Not Out,Not Out,Lost,1,1,0,0,1,0
2023,T20I,International Cricket,India,Nepal,Lord's,England,Yes,11,10,110.0,Not Out,Not Out,Lost,1,1,0,0,0,0
2023,IPL,Indian Premier League,Mumbai Indians,Kolkata Knight Riders,Rajiv Gandhi International Stadium,India,Yes,2,5,40.0,Bowled,Out,Won,1,1,0,0,0,1
2023,ODI,International Cricket,India,West Indies,The Oval,England,No,14,17,82.35,Not Out,Not Out,Won,1,1,0,0,0,1
2023,IPL,Indian Premier League,Mumbai Indians,Punjab Kings,M. Chinnaswamy Stadium,India,Yes,12,13,92.31,Bowled,Out,Won,1,1,0,0,0,1
2023,Test,International Cricket,India,Australia,Adelaide Oval,Australia,No,30,44,68.18,Run Out,Out,Won,1,1,0,0,0,1
2023,IPL,Indian Premier League,Deccan Chargers,Delhi Capitals,Arun Jaitley Stadium,India,No,27,25,108.0,Not Out,Not Out,Won,1,1,0,0,0,1
2023,T20I,International Cricket,India,England,Adelaide Oval,Australia,Yes,11,15,73.33,Caught,Out,Lost,1,1,0,0,0,0
2023,ODI,International Cricket,India,Ireland,The Oval,England,Yes,48,73,65.75,Caught,Out,Lost,1,1,0,0,0,0
2023,IPL,Indian Premier League,Deccan Chargers,Sunrisers Hyderabad,Narendra Modi Stadium,India,No,7,12,58.33,Caught,Out,Lost,1,1,0,0,0,0
2023,IPL,Indian Premier League,Mumbai Indians,Royal Challengers Bengaluru,Wankhede Stadium,India,Yes,35,26,134.62,Bowled,Out,Won,1,1,0,0,0,1
2023,ODI,International Cricket,India,Bangladesh,Sheikh Zayed Stadium,UAE,Yes,58,78,74.36,Not Out,Not Out,Won,1,1,0,0,1,1
2023,ODI,International Cricket,India,South Africa,Arun Jaitley Stadium,India,Yes,81,101,80.2,Bowled,Out,Won,1,1,0,0,1,1
2023,ODI,International Cricket,India,Pakistan,Edgbaston,England,No,0,4,0.0,Caught,Out,Won,1,1,0,0,0,1
2023,ODI,International Cricket,India,Pakistan,Wankhede Stadium,India,Yes,61,51,119.61,Stumped,Out,Lost,1,1,0,0,1,0
2023,IPL,Indian Premier League,Mumbai Indians,Chennai Super Kings,MA Chidambaram Stadium,India,Yes,18,15,120.0,Run Out,Out,Won,1,1,0,0,0,1
2023,IPL,Indian Premier League,Mumbai Indians,Royal Challengers Bengaluru,Eden Gardens,India,Yes,50,42,119.05,LBW,Out,Won,1,1,0,0,1,1
2023,ODI,International Cricket,India,Zimbabwe,Queen's Park Oval,West Indies,No,68,103,66.02,Caught,Out,Won,1,1,0,0,1,1
2023,IPL,Indian Premier League,Deccan Chargers,Royal Challengers Bengaluru,Eden Gardens,India,No,11,12,91.67,Caught,Out,Won,1,1,0,0,0,1
2023,IPL,Indian Premier League,Mumbai Indians,Lucknow Super Giants,Arun Jaitley Stadium,India,Yes,5,5,100.0,Not Out,Not Out,Won,1,1,0,0,0,1
2023,Test,International Cricket,India,Ireland,Queen's Park Oval,West Indies,Yes,35,52,67.31,Not Out,Not Out,Won,1,1,0,0,0,1
2023,T20I,International Cricket,India,Zimbabwe,Wankhede Stadium,India,Yes,21,25,84.0,Not Out,Not Out,Won,1,1,0,0,0,1
2023,ODI,International Cricket,India,New Zealand,Sharjah Cricket Stadium,UAE,Yes,2,6,33.33,Not Out,Not Out,Won,1,1,0,0,0,1
2023,ODI,International Cricket,India,New Zealand,Wanderers Stadium,South Africa,Yes,49,66,74.24,Caught,Out,Won,1,1,0,0,0,1
2023,ODI,International Cricket,India,West Indies,Seddon Park,New Zealand,Yes,113,154,73.38,Caught,Out,Won,1,1,1,0,0,1
2023,ODI,International Cricket,India,Bangladesh,Pallekele International Stadium,Sri Lanka,No,24,36,66.67,Caught,Out,Lost,1,1,0,0,0,0
2023,IPL,Indian Premier League,Mumbai Indians,Sunrisers Hyderabad,Arun Jaitley Stadium,India,Yes,40,38,105.26,Caught,Out,Lost,1,1,0,0,0,0
2023,IPL,Indian Premier League,Deccan Chargers,Delhi Capitals,Eden Gardens,India,No,17,20,85.0,Caught,Out,Won,1,1,0,0,0,1
2023,ODI,International Cricket,India,West Indies,Lord's,England,Yes,45,39,115.38,LBW,Out,Lost,1,1,0,0,0,0
2023,ODI,International Cricket,India,New Zealand,Melbourne Cricket Ground,Australia,No,3,13,23.08,Caught,Out,Lost,1,1,0,0,0,0
2023,Test,International Cricket,India,South Africa,Zahur Ahmed Chowdhury Stadium,Bangladesh,No,100,156,64.1,Bowled,Out,Lost,1,1,1,0,0,0
2023,IPL,Indian Premier League,Deccan Chargers,Lucknow Super Giants,Wankhede Stadium,India,No,15,17,88.24,Caught,Out,Lost,1,1,0,0,0,0
2023,IPL,Indian Premier League,Mumbai Indians,Rajasthan Royals,MA Chidambaram Stadium,India,Yes,2,12,16.67,Not Out,Not Out,Lost,1,1,0,0,0,0
2023,ODI,International Cricket,India,Pakistan,Adelaide Oval,Australia,Yes,26,37,70.27,Not Out,Not Out,Won,1,1,0,0,0,1
2023,ODI,International Cricket,India,England,Eden Gardens,India,No,12,23,52.17,Caught,Out,Lost,1,1,0,0,0,0
2023,IPL,Indian Premier League,Deccan Chargers,Gujarat Titans,Wankhede Stadium,India,No,4,14,28.57,Caught,Out,Lost,1,1,0,0,0,0
2023,IPL,Indian Premier League,Mumbai Indians,Kolkata Knight Riders,Rajiv Gandhi International Stadium,India,Yes,3,10,30.0,Not Out,Not Out,Won,1,1,0,0,0,1
2023,IPL,Indian Premier League,Mumbai Indians,Sunrisers Hyderabad,M. Chinnaswamy Stadium,India,Yes,29,28,103.57,Not Out,Not Out,Lost,1,1,0,0,0,0
2023,ODI,International Cricket,India,Australia,Arun Jaitley Stadium,India,Yes,29,29,100.0,Caught,Out,Lost,1,1,0,0,0,0
2023,ODI,International Cricket,India,England,Arun Jaitley Stadium,India,Yes,107,163,65.64,Caught,Out,Won,1,1,1,0,0,1
2023,IPL,Indian Premier League,Mumbai Indians,Chennai Super Kings,Eden Gardens,India,Yes,67,71,94.37,Not Out,Not Out,Won,1,1,0,0,1,1
2023,ODI,International Cricket,India,Nepal,Basin Reserve,New Zealand,Yes,8,12,66.67,Caught,Out,Won,1,1,0,0,0,1
2023,Test,International Cricket,India,Ireland,Rajiv Gandhi International Stadium,India,No,7,4,175.0,Bowled,Out,Lost,1,1,0,0,0,0
2023,Test,International Cricket,India,Sri Lanka,Basin Reserve,New Zealand,No,15,43,34.88,Caught,Out,Won,1,1,0,0,0,1
2023,IPL,Indian Premier League,Deccan Chargers,Gujarat Titans,MA Chidambaram Stadium,India,No,29,32,90.62,Caught,Out,Lost,1,1,0,0,0,0
2024,ODI,International Cricket,India,Bangladesh,Old Trafford,England,No,9,18,50.0,Not Out,Not Out,Won,1,1,0,0,0,1
2024,IPL,Indian Premier League,Mumbai Indians,Lucknow Super Giants,M. Chinnaswamy Stadium,India,Yes,26,24,108.33,Run Out,Out,Lost,1,1,0,0,0,0
2024,T20I,International Cricket,India,West Indies,Wanderers Stadium,South Africa,Yes,52,43,120.93,Caught,Out,Won,1,1,0,0,1,1
2024,ODI,International Cricket,India,Bangladesh,Rajiv Gandhi International Stadium,India,No,57,54,105.56,Caught,Out,Won,1,1,0,0,1,1
2024,IPL,Indian Premier League,Mumbai Indians,Delhi Capitals,M. Chinnaswamy Stadium,India,Yes,32,24,133.33,Caught,Out,Won,1,1,0,0,0,1
2024,IPL,Indian Premier League,Mumbai Indians,Kolkata Knight Riders,Rajiv Gandhi International Stadium,India,Yes,20,18,111.11,Bowled,Out,Won,1,1,0,0,0,1
2024,Test,International Cricket,India,Pakistan,Trent Bridge,England,Yes,25,55,45.45,Caught,Out,Lost,1,1,0,0,0,0
2024,IPL,Indian Premier League,Mumbai Indians,Sunrisers Hyderabad,MA Chidambaram Stadium,India,Yes,8,12,66.67,LBW,Out,Lost,1,1,0,0,0,0
2024,IPL,Indian Premier League,Mumbai Indians,Rajasthan Royals,Rajiv Gandhi International Stadium,India,Yes,31,30,103.33,Caught,Out,Won,1,1,0,0,0,1
2024,IPL,Indian Premier League,Mumbai Indians,Lucknow Super Giants,Arun Jaitley Stadium,India,Yes,11,13,84.62,Caught,Out,Lost,1,1,0,0,0,0
2024,ODI,International Cricket,India,Nepal,The Oval,England,Yes,17,29,58.62,Caught,Out,Lost,1,1,0,0,0,0
2024,ODI,International Cricket,India,Nepal,MA Chidambaram Stadium,India,No,97,115,84.35,Caught,Out,Won,1,1,0,0,1,1
2024,IPL,Indian Premier League,Deccan Chargers,Punjab Kings,Rajiv Gandhi International Stadium,India,No,19,21,90.48,LBW,Out,Lost,1,1,0,0,0,0
2024,IPL,Indian Premier League,Deccan Chargers,Kolkata Knight Riders,M. Chinnaswamy Stadium,India,No,7,3,233.33,Bowled,Out,Won,1,1,0,0,0,1
2024,ODI,International Cricket,India,South Africa,Newlands,South Africa,Yes,62,53,116.98,Bowled,Out,Won,1,1,0,0,1,1
2024,IPL,Indian Premier League,Mumbai Indians,Lucknow Super Giants,Rajiv Gandhi International Stadium,India,Yes,26,27,96.3,Caught,Out,Won,1,1,0,0,0,1
2024,Test,International Cricket,India,Pakistan,Rajiv Gandhi International Stadium,India,No,93,145,64.14,Caught,Out,Won,1,1,0,0,1,1
2024,ODI,International Cricket,India,Nepal,Hagley Oval,New Zealand,Yes,161,168,95.83,Caught,Out,Lost,1,1,1,0,0,0
2024,ODI,International Cricket,India,England,Wankhede Stadium,India,Yes,34,48,70.83,Caught,Out,Lost,1,1,0,0,0,0
2024,ODI,International Cricket,India,New Zealand,Zahur Ahmed Chowdhury Stadium,Bangladesh,No,43,39,110.26,Not Out,Not Out,Won,1,1,0,0,0,1
2024,IPL,Indian Premier League,Mumbai Indians,Sunrisers Hyderabad,Rajiv Gandhi International Stadium,India,Yes,9,5,180.0,Not Out,Not Out,Lost,1,1,0,0,0,0
2024,ODI,International Cricket,India,Nepal,Trent Bridge,England,Yes,30,41,73.17,Bowled,Out,Won,1,1,0,0,0,1
2024,ODI,International Cricket,India,England,Basin Reserve,New Zealand,Yes,63,71,88.73,Bowled,Out,Won,1,1,0,0,1,1
2024,T20I,International Cricket,India,Ireland,Zahur Ahmed Chowdhury Stadium,Bangladesh,Yes,46,56,82.14,Caught,Out,Won,1,1,0,0,0,1
2024,ODI,International Cricket,India,Pakistan,The Gabba,Australia,Yes,35,46,76.09,LBW,Out,Lost,1,1,0,0,0,0
2024,ODI,International Cricket,India,New Zealand,Eden Park,New Zealand,Yes,144,120,120.0,Caught,Out,Won,1,1,1,0,0,1
2024,IPL,Indian Premier League,Mumbai Indians,Sunrisers Hyderabad,Arun Jaitley Stadium,India,Yes,87,72,120.83,Run Out,Out,Lost,1,1,0,0,1,0
2024,T20I,International Cricket,India,West Indies,Adelaide Oval,Australia,Yes,39,44,88.64,Caught,Out,Lost,1,1,0,0,0,0
2024,IPL,Indian Premier League,Mumbai Indians,Punjab Kings,Eden Gardens,India,Yes,14,17,82.35,Caught,Out,Won,1,1,0,0,0,1
2024,ODI,International Cricket,India,England,Hagley Oval,New Zealand,No,72,109,66.06,Run Out,Out,Won,1,1,0,0,1,1
2024,IPL,Indian Premier League,Mumbai Indians,Chennai Super Kings,Arun Jaitley Stadium,India,Yes,59,39,151.28,Caught,Out,Won,1,1,0,0,1,1
2024,IPL,Indian Premier League,Deccan Chargers,Royal Challengers Bengaluru,M. Chinnaswamy Stadium,India,No,22,16,137.5,Caught,Out,Won,1,1,0,0,0,1
2024,T20I,International Cricket,India,Nepal,Basin Reserve,New Zealand,No,3,5,60.0,Caught,Out,Won,1,1,0,0,0,1
2024,IPL,Indian Premier League,Deccan Chargers,Gujarat Titans,Narendra Modi Stadium,India,No,27,28,96.43,LBW,Out,Won,1,1,0,0,0,1
2024,IPL,Indian Premier League,Mumbai Indians,Gujarat Titans,Narendra Modi Stadium,India,Yes,14,16,87.5,Caught,Out,Lost,1,1,0,0,0,0
2024,ODI,International Cricket,India,Australia,Narendra Modi Stadium,India,No,62,94,65.96,Caught,Out,Won,1,1,0,0,1,1
2024,IPL,Indian Premier League,Mumbai Indians,Punjab Kings,Rajiv Gandhi International Stadium,India,Yes,45,54,83.33,Caught,Out,Lost,1,1,0,0,0,0
2024,ODI,International Cricket,India,South Africa,M. Chinnaswamy Stadium,India,Yes,2,4,50.0,Run Out,Out,Lost,1,1,0,0,0,0
2024,ODI,International Cricket,India,Nepal,Newlands,South Africa,Yes,32,26,123.08,Caught,Out,Won,1,1,0,0,0,1
2024,IPL,Indian Premier League,Deccan Chargers,Delhi Capitals,Narendra Modi Stadium,India,No,17,16,106.25,LBW,Out,Lost,1,1,0,0,0,0
2024,ODI,International Cricket,India,West Indies,Trent Bridge,England,Yes,5,6,83.33,Caught,Out,Lost,1,1,0,0,0,0
2024,IPL,Indian Premier League,Mumbai Indians,Kolkata Knight Riders,Wankhede Stadium,India,Yes,11,9,122.22,LBW,Out,Won,1,1,0,0,0,1
2024,ODI,International Cricket,India,Sri Lanka,Zahur Ahmed Chowdhury Stadium,Bangladesh,No,44,55,80.0,Caught,Out,Lost,1,1,0,0,0,0
2024,ODI,International Cricket,India,New Zealand,Lord's,England,Yes,32,36,88.89,Bowled,Out,Lost,1,1,0,0,0,0
2024,IPL,Indian Premier League,Deccan Chargers,Punjab Kings,Rajiv Gandhi International Stadium,India,No,14,10,140.0,Caught,Out,Lost,1,1,0,0,0,0
2024,ODI,International Cricket,India,Afghanistan,The Oval,England,Yes,70,95,73.68,Caught,Out,Won,1,1,0,0,1,1
2024,IPL,Indian Premier League,Mumbai Indians,Sunrisers Hyderabad,Wankhede Stadium,India,Yes,8,9,88.89,Caught,Out,Lost,1,1,0,0,0,0
2024,ODI,International Cricket,India,West Indies,Kensington Oval,West Indies,Yes,36,33,109.09,Run Out,Out,Won,1,1,0,0,0,1
2024,T20I,International Cricket,India,Zimbabwe,Rajiv Gandhi International Stadium,India,Yes,18,15,120.0,Stumped,Out,Won,1,1,0,0,0,1
2024,IPL,Indian Premier League,Mumbai Indians,Punjab Kings,Wankhede Stadium,India,Yes,20,13,153.85,Caught,Out,Won,1,1,0,0,0,1
2024,T20I,International Cricket,India,Nepal,The Gabba,Australia,No,22,17,129.41,LBW,Out,Won,1,1,0,0,0,1
2024,IPL,Indian Premier League,Deccan Chargers,Chennai Super Kings,Rajiv Gandhi International Stadium,India,No,47,56,83.93,Caught,Out,Lost,1,1,0,0,0,0
2024,IPL,Indian Premier League,Deccan Chargers,Punjab Kings,Eden Gardens,India,No,3,14,21.43,Run Out,Out,Won,1,1,0,0,0,1
2024,ODI,International Cricket,India,Afghanistan,Seddon Park,New Zealand,Yes,50,64,78.12,Caught,Out,Won,1,1,0,0,1,1
2024,IPL,Indian Premier League,Mumbai Indians,Punjab Kings,MA Chidambaram Stadium,India,Yes,54,47,114.89,Not Out,Not Out,Won,1,1,0,0,1,1
2024,ODI,International Cricket,India,New Zealand,Rajiv Gandhi International Stadium,India,Yes,132,170,77.65,Bowled,Out,Won,1,1,1,0,0,1
2025,IPL,Indian Premier League,Deccan Chargers,Delhi Capitals,Narendra Modi Stadium,India,No,25,27,92.59,Caught,Out,Won,1,1,0,0,0,1
2025,ODI,International Cricket,India,Nepal,Wankhede Stadium,India,No,43,65,66.15,Bowled,Out,Won,1,1,0,0,0,1
2025,ODI,International Cricket,India,West Indies,Newlands,South Africa,No,1,10,10.0,Caught,Out,Lost,1,1,0,0,0,0
2025,IPL,Indian Premier League,Mumbai Indians,Lucknow Super Giants,Wankhede Stadium,India,Yes,17,19,89.47,Not Out,Not Out,Lost,1,1,0,0,0,0
2025,ODI,International Cricket,India,Pakistan,Old Trafford,England,No,9,16,56.25,Caught,Out,Lost,1,1,0,0,0,0
2025,IPL,Indian Premier League,Mumbai Indians,Royal Challengers Bengaluru,Arun Jaitley Stadium,India,Yes,36,23,156.52,Bowled,Out,Won,1,1,0,0,0,1
2025,Test,International Cricket,India,Pakistan,Arun Jaitley Stadium,India,No,19,48,39.58,Bowled,Out,Won,1,1,0,0,0,1
2025,T20I,International Cricket,India,Pakistan,Galle International Stadium,Sri Lanka,No,41,49,83.67,Not Out,Not Out,Won,1,1,0,0,0,1
2025,ODI,International Cricket,India,England,Eden Park,New Zealand,No,9,13,69.23,Caught,Out,Lost,1,1,0,0,0,0
2025,ODI,International Cricket,India,Sri Lanka,M. Chinnaswamy Stadium,India,No,80,76,105.26,Not Out,Not Out,Lost,1,1,0,0,1,0
2025,ODI,International Cricket,India,Pakistan,M. Chinnaswamy Stadium,India,No,92,129,71.32,Caught,Out,Won,1,1,0,0,1,1
2025,IPL,Indian Premier League,Deccan Chargers,Royal Challengers Bengaluru,Wankhede Stadium,India,No,2,4,50.0,Caught,Out,Lost,1,1,0,0,0,0
2025,IPL,Indian Premier League,Deccan Chargers,Sunrisers Hyderabad,Wankhede Stadium,India,No,1,3,33.33,Caught,Out,Won,1,1,0,0,0,1
2025,Test,International Cricket,India,Australia,Kensington Oval,West Indies,No,30,56,53.57,Caught,Out,Won,1,1,0,0,0,1
2025,IPL,Indian Premier League,Deccan Chargers,Royal Challengers Bengaluru,Narendra Modi Stadium,India,No,46,41,112.2,Caught,Out,Lost,1,1,0,0,0,0
2025,IPL,Indian Premier League,Deccan Chargers,Delhi Capitals,Wankhede Stadium,India,No,15,16,93.75,Stumped,Out,Won,1,1,0,0,0,1
2025,Test,International Cricket,India,Sri Lanka,The Gabba,Australia,No,41,75,54.67,Not Out,Not Out,Won,1,1,0,0,0,1
2025,ODI,International Cricket,India,Sri Lanka,Zahur Ahmed Chowdhury Stadium,Bangladesh,No,61,54,112.96,Not Out,Not Out,Won,1,1,0,0,1,1
2025,ODI,International Cricket,India,Ireland,MA Chidambaram Stadium,India,No,47,39,120.51,Caught,Out,Won,1,1,0,0,0,1
2025,ODI,International Cricket,India,Australia,MA Chidambaram Stadium,India,No,111,152,73.03,Caught,Out,Won,1,1,1,0,0,1
2025,IPL,Indian Premier League,Deccan Chargers,Royal Challengers Bengaluru,Eden Gardens,India,No,4,7,57.14,Stumped,Out,Won,1,1,0,0,0,1
2025,ODI,International Cricket,India,England,The Oval,England,No,46,55,83.64,LBW,Out,Lost,1,1,0,0,0,0
2025,T20I,International Cricket,India,Australia,Zahur Ahmed Chowdhury Stadium,Bangladesh,No,42,36,116.67,LBW,Out,Won,1,1,0,0,0,1
2025,ODI,International Cricket,India,South Africa,Eden Park,New Zealand,No,29,49,59.18,Caught,Out,Won,1,1,0,0,0,1
2025,IPL,Indian Premier League,Mumbai Indians,Punjab Kings,MA Chidambaram Stadium,India,Yes,11,10,110.0,Caught,Out,Lost,1,1,0,0,0,0
2025,IPL,Indian Premier League,Deccan Chargers,Royal Challengers Bengaluru,Arun Jaitley Stadium,India,No,17,17,100.0,Caught,Out,Won,1,1,0,0,0,1
2025,ODI,International Cricket,India,New Zealand,Rajiv Gandhi International Stadium,India,No,69,55,125.45,Caught,Out,Lost,1,1,0,0,1,0
2025,IPL,Indian Premier League,Deccan Chargers,Sunrisers Hyderabad,Rajiv Gandhi International Stadium,India,No,23,23,100.0,Not Out,Not Out,Won,1,1,0,0,0,1
2025,T20I,International Cricket,India,Ireland,Zahur Ahmed Chowdhury Stadium,Bangladesh,No,73,73,100.0,Caught,Out,Won,1,1,0,0,1,1
2025,ODI,International Cricket,India,Pakistan,MA Chidambaram Stadium,India,No,2,13,15.38,Not Out,Not Out,Won,1,1,0,0,0,1
2025,ODI,International Cricket,India,New Zealand,M. Chinnaswamy Stadium,India,No,19,23,82.61,Caught,Out,Won,1,1,0,0,0,1
2025,ODI,International Cricket,India,Nepal,Kingsmead,South Africa,No,4,4,100.0,Caught,Out,Lost,1,1,0,0,0,0
2025,ODI,International Cricket,India,Ireland,The Oval,England,No,36,59,61.02,Caught,Out,Won,1,1,0,0,0,1
2025,ODI,International Cricket,India,Sri Lanka,Wanderers Stadium,South Africa,No,49,78,62.82,LBW,Out,Lost,1,1,0,0,0,0
2025,ODI,International Cricket,India,Sri Lanka,Narendra Modi Stadium,India,No,71,80,88.75,Caught,Out,Lost,1,1,0,0,1,0
2025,IPL,Indian Premier League,Deccan Chargers,Sunrisers Hyderabad,Narendra Modi Stadium,India,No,6,7,85.71,Bowled,Out,Lost,1,1,0,0,0,0
2025,IPL,Indian Premier League,Mumbai Indians,Rajasthan Royals,Wankhede Stadium,India,Yes,42,44,95.45,LBW,Out,Lost,1,1,0,0,0,0
2026,IPL,Indian Premier League,Mumbai Indians,Sunrisers Hyderabad,M. Chinnaswamy Stadium,India,Yes,40,31,129.03,Run Out,Out,Lost,1,1,0,0,0,0
2026,Test,International Cricket,India,Sri Lanka,Kensington Oval,West Indies,No,39,85,45.88,LBW,Out,Won,1,1,0,0,0,1
2026,ODI,International Cricket,India,Australia,Kensington Oval,West Indies,No,22,36,61.11,Caught,Out,Won,1,1,0,0,0,1
2026,Test,International Cricket,India,Australia,Lord's,England,No,84,124,67.74,Caught,Out,Lost,1,1,0,0,1,0
2026,IPL,Indian Premier League,Deccan Chargers,Gujarat Titans,Arun Jaitley Stadium,India,No,40,30,133.33,Caught,Out,Won,1,1,0,0,0,1
2026,ODI,International Cricket,India,Sri Lanka,Wankhede Stadium,India,No,59,77,76.62,Not Out,Not Out,Lost,1,1,0,0,1,0
2026,ODI,International Cricket,India,South Africa,Newlands,South Africa,No,7,6,116.67,Caught,Out,Won,1,1,0,0,0,1
2026,IPL,Indian Premier League,Mumbai Indians,Delhi Capitals,Wankhede Stadium,India,Yes,9,12,75.0,Not Out,Not Out,Won,1,1,0,0,0,1
2026,Test,International Cricket,India,Pakistan,Newlands,South Africa,No,105,180,58.33,Caught,Out,Won,1,1,1,0,0,1
2026,ODI,International Cricket,India,Nepal,Hagley Oval,New Zealand,No,1,5,20.0,LBW,Out,Won,1,1,0,0,0,1
2026,IPL,Indian Premier League,Mumbai Indians,Rajasthan Royals,Wankhede Stadium,India,Yes,28,34,82.35,Caught,Out,Won,1,1,0,0,0,1
2026,ODI,International Cricket,India,England,Pallekele International Stadium,Sri Lanka,No,35,56,62.5,Caught,Out,Lost,1,1,0,0,0,0
2026,IPL,Indian Premier League,Deccan Chargers,Rajasthan Royals,Wankhede Stadium,India,No,2,13,15.38,Bowled,Out,Won,1,1,0,0,0,1
2026,ODI,International Cricket,India,New Zealand,MA Chidambaram Stadium,India,No,7,7,100.0,Bowled,Out,Won,1,1,0,0,0,1
2026,IPL,Indian Premier League,Deccan Chargers,Kolkata Knight Riders,Rajiv Gandhi International Stadium,India,No,75,90,83.33,Bowled,Out,Won,1,1,0,0,1,1
2026,Test,International Cricket,India,Bangladesh,Queen's Park Oval,West Indies,No,19,79,24.05,Caught,Out,Lost,1,1,0,0,0,0
2026,IPL,Indian Premier League,Mumbai Indians,Sunrisers Hyderabad,Eden Gardens,India,Yes,53,57,92.98,Not Out,Not Out,Lost,1,1,0,0,1,0
2026,ODI,International Cricket,India,Bangladesh,Wanderers Stadium,South Africa,No,44,44,100.0,Not Out,Not Out,Lost,1,1,0,0,0,0
2026,ODI,International Cricket,India,Bangladesh,Eden Gardens,India,No,6,14,42.86,Caught,Out,Won,1,1,0,0,0,1
2026,IPL,Indian Premier League,Deccan Chargers,Delhi Capitals,Eden Gardens,India,No,31,40,77.5,Caught,Out,Lost,1,1,0,0,0,0
2026,ODI,International Cricket,India,England,The Gabba,Australia,No,29,34,85.29,Bowled,Out,Won,1,1,0,0,0,1
2026,IPL,Indian Premier League,Deccan Chargers,Punjab Kings,Eden Gardens,India,No,51,40,127.5,Caught,Out,Won,1,1,0,0,1,1
2026,ODI,International Cricket,India,England,Sabina Park,West Indies,No,17,21,80.95,Caught,Out,Lost,1,1,0,0,0,0
2026,ODI,International Cricket,India,Pakistan,Arun Jaitley Stadium,India,No,5,1,500.0,Caught,Out,Won,1,1,0,0,0,1
2026,IPL,Indian Premier League,Mumbai Indians,Rajasthan Royals,Eden Gardens,India,Yes,18,21,85.71,Bowled,Out,Won,1,1,0,0,0,1
2026,IPL,Indian Premier League,Mumbai Indians,Sunrisers Hyderabad,Rajiv Gandhi International Stadium,India,Yes,44,29,151.72,LBW,Out,Lost,1,1,0,0,0,0
2026,IPL,Indian Premier League,Mumbai Indians,Royal Challengers Bengaluru,Wankhede Stadium,India,Yes,24,19,126.32,Caught,Out,Won,1,1,0,0,0,1
2026,T20I,International Cricket,India,Nepal,Sher-e-Bangla National Cricket Stadium,Bangladesh,No,16,18,88.89,Caught,Out,Lost,1,1,0,0,0,0
2026,IPL,Indian Premier League,Deccan Chargers,Sunrisers Hyderabad,Rajiv Gandhi International Stadium,India,No,3,13,23.08,Caught,Out,Won,1,1,0,0,0,1
2026,ODI,International Cricket,India,West Indies,Kingsmead,South Africa,No,58,68,85.29,Bowled,Out,Lost,1,1,0,0,1,0
2026,ODI,International Cricket,India,Bangladesh,Wankhede Stadium,India,No,19,17,111.76,Caught,Out,Won,1,1,0,0,0,1
2026,Test,International Cricket,India,Afghanistan,Basin Reserve,New Zealand,No,70,81,86.42,Caught,Out,Won,1,1,0,0,1,1
